{
  "path": "vpm_canonical.png",
  "shape": [
    7,
    500,
    3
  ],
  "dtype": "uint16",
  "header": {
    "magic": "VPM1",
    "version": 1,
    "M": 4,
    "D_reported": 500,
    "h_meta": 3,
    "level": 0,
    "doc_block_size": 1,
    "agg_id": 65535,
    "store_minmax_flag": 1
  },
  "vmeta": {
    "embedded_metadata_len": 86,
    "embedded_metadata_hex_preview": "564d4554410100000000ffff0004000001f4000104e5fffb55e219286ac6dec41702111a6de6021d000000000000000000000000000000000000000000000000"
  },
  "logical_vs_physical": {
    "logical_D": 500,
    "physical_W": 500,
    "padded": false
  },
  "stats": {
    "R": {
      "min": 0,
      "p05": 0,
      "median": 7828,
      "p95": 60250,
      "max": 65535,
      "mean": 18697.972
    },
    "G": {
      "min": 0,
      "p05": 0,
      "median": 8274,
      "p95": 59888,
      "max": 65535,
      "mean": 18759.667714285715
    },
    "B": {
      "min": 0,
      "p05": 0,
      "median": 0,
      "p95": 0,
      "max": 65535,
      "mean": 62.05771428571428
    }
  },
  "problems": []
}