distribution,namespace,exported_symbol,owning_module,object_kind,source_module,is_reexport
zeromodel,zeromodel.core,BUNDLE_VERSION,zeromodel.core,Constant,zeromodel.core,false
zeromodel,zeromodel.core,CANONICAL_METRICS,zeromodel.core,Constant,zeromodel.core,false
zeromodel,zeromodel.core,LAYOUT_VERSION,zeromodel.core,Constant,zeromodel.core,false
zeromodel,zeromodel.core,LayoutRecipe,zeromodel.core,Class,zeromodel.core.artifact,true
zeromodel,zeromodel.core,MANIFEST_NAME,zeromodel.core,Constant,zeromodel.core,false
zeromodel,zeromodel.core,MATRIX_BLOB_VERSION,zeromodel.core,Constant,zeromodel.core,false
zeromodel,zeromodel.core,MatrixBlob,zeromodel.core,Class,zeromodel.core.matrix_blob,true
zeromodel,zeromodel.core,PNG_SIGNATURE,zeromodel.core,Constant,zeromodel.core,false
zeromodel,zeromodel.core,POLICY_LUA_FORMAT,zeromodel.core,Constant,zeromodel.core,false
zeromodel,zeromodel.core,POLICY_PLAN_VERSION,zeromodel.core,Constant,zeromodel.core,false
zeromodel,zeromodel.core,POLICY_TRANSITION_EVIDENCE_VERSION,zeromodel.core,Constant,zeromodel.core,false
zeromodel,zeromodel.core,POLICY_TRANSITION_SPEC_VERSION,zeromodel.core,Constant,zeromodel.core,false
zeromodel,zeromodel.core,PROTOTYPE_UNIVERSE_IDENTITY_VERSION,zeromodel.core,Constant,zeromodel.core,false
zeromodel,zeromodel.core,PolicyLookupDecision,zeromodel.core,Class,zeromodel.core.policy_lookup,true
zeromodel,zeromodel.core,PolicyTransitionEvidence,zeromodel.core,Class,zeromodel.core.policy_transitions,true
zeromodel,zeromodel.core,PolicyTransitionSpec,zeromodel.core,Class,zeromodel.core.policy_transitions,true
zeromodel,zeromodel.core,PrototypeUniverseIdentity,zeromodel.core,Class,zeromodel.core.content_identity,true
zeromodel,zeromodel.core,ROW_UNION_TRANSITION_SCOPE,zeromodel.core,Constant,zeromodel.core,false
zeromodel,zeromodel.core,SPEC_VERSION,zeromodel.core,Constant,zeromodel.core,false
zeromodel,zeromodel.core,ScoreTable,zeromodel.core,Class,zeromodel.core.artifact,true
zeromodel,zeromodel.core,SignReader,zeromodel.core,Class,zeromodel.core.policy_lookup,true
zeromodel,zeromodel.core,UnresolvedArtifactIdentity,zeromodel.core,Class,zeromodel.core.content_identity,true
zeromodel,zeromodel.core,VPMArtifact,zeromodel.core,Class,zeromodel.core.artifact,true
zeromodel,zeromodel.core,VPMCell,zeromodel.core,Class,zeromodel.core.artifact,true
zeromodel,zeromodel.core,VPMPolicyLookup,zeromodel.core,Class,zeromodel.core.policy_lookup,true
zeromodel,zeromodel.core,VPMRegion,zeromodel.core,Class,zeromodel.core.artifact,true
zeromodel,zeromodel.core,VPMValidationError,zeromodel.core,Class,zeromodel.core.artifact,true
zeromodel,zeromodel.core,ViewProfile,zeromodel.core,Class,zeromodel.core.views,true
zeromodel,zeromodel.core,ViewSet,zeromodel.core,Class,zeromodel.core.views,true
zeromodel,zeromodel.core,array_content_digest,zeromodel.core,Function,zeromodel.core.content_identity,true
zeromodel,zeromodel.core,as_field,zeromodel.core,Function,zeromodel.core.render,true
zeromodel,zeromodel.core,build_view,zeromodel.core,Function,zeromodel.core.views,true
zeromodel,zeromodel.core,build_views,zeromodel.core,Function,zeromodel.core.views,true
zeromodel,zeromodel.core,build_vpm,zeromodel.core,Function,zeromodel.core.artifact,true
zeromodel,zeromodel.core,bundle_manifest,zeromodel.core,Function,zeromodel.core.bundle,true
zeromodel,zeromodel.core,canonical_float64_bytes,zeromodel.core,Function,zeromodel.core.content_identity,true
zeromodel,zeromodel.core,canonical_json_bytes,zeromodel.core,Function,zeromodel.core.content_identity,true
zeromodel,zeromodel.core,compiled_plan_id,zeromodel.core,Function,zeromodel.core.lua,true
zeromodel,zeromodel.core,from_bundle,zeromodel.core,Function,zeromodel.core.bundle,true
zeromodel,zeromodel.core,lua_policy_source,zeromodel.core,Function,zeromodel.core.lua,true
zeromodel,zeromodel.core,metric_ids_for_rows,zeromodel.core,Function,zeromodel.core.metrics,true
zeromodel,zeromodel.core,pack_metrics,zeromodel.core,Function,zeromodel.core.metrics,true
zeromodel,zeromodel.core,png_bytes,zeromodel.core,Function,zeromodel.core.render,true
zeromodel,zeromodel.core,prototype_universe_identity,zeromodel.core,Function,zeromodel.core.content_identity,true
zeromodel,zeromodel.core,score_table_from_metric_rows,zeromodel.core,Function,zeromodel.core.metrics,true
zeromodel,zeromodel.core,sha256_digest,zeromodel.core,Function,zeromodel.core.content_identity,true
zeromodel,zeromodel.core,svg_text,zeromodel.core,Function,zeromodel.core.render,true
zeromodel,zeromodel.core,to_bundle,zeromodel.core,Function,zeromodel.core.bundle,true
zeromodel,zeromodel.core,to_uint8,zeromodel.core,Function,zeromodel.core.render,true
zeromodel,zeromodel.core,write_lua_policy,zeromodel.core,Function,zeromodel.core.lua,true
zeromodel,zeromodel.core,write_png,zeromodel.core,Function,zeromodel.core.render,true
zeromodel,zeromodel.core,write_svg,zeromodel.core,Function,zeromodel.core.render,true
zeromodel-analysis,zeromodel.analysis,CHECKER_VERSION,zeromodel.analysis,Constant,zeromodel.analysis,false
zeromodel-analysis,zeromodel.analysis,CRITICALITY_METRIC_ID,zeromodel.analysis,Constant,zeromodel.analysis,false
zeromodel-analysis,zeromodel.analysis,CriticAssessment,zeromodel.analysis,Class,zeromodel.analysis.critic,true
zeromodel-analysis,zeromodel.analysis,CriticObservation,zeromodel.analysis,Class,zeromodel.analysis.critic,true
zeromodel-analysis,zeromodel.analysis,DECISION_MARGIN_METRIC_ID,zeromodel.analysis,Constant,zeromodel.analysis,false
zeromodel-analysis,zeromodel.analysis,Decision,zeromodel.analysis,Class,zeromodel.analysis.controller,true
zeromodel-analysis,zeromodel.analysis,DecisionManifold,zeromodel.analysis,Class,zeromodel.analysis.manifold,true
zeromodel-analysis,zeromodel.analysis,HierarchyLevel,zeromodel.analysis,Class,zeromodel.analysis.hierarchy,true
zeromodel-analysis,zeromodel.analysis,LearningAssessment,zeromodel.analysis,Class,zeromodel.analysis.learning,true
zeromodel-analysis,zeromodel.analysis,LearningObservation,zeromodel.analysis,Class,zeromodel.analysis.learning,true
zeromodel-analysis,zeromodel.analysis,ManifoldFrame,zeromodel.analysis,Class,zeromodel.analysis.manifold,true
zeromodel-analysis,zeromodel.analysis,ManifoldSummary,zeromodel.analysis,Class,zeromodel.analysis.manifold,true
zeromodel-analysis,zeromodel.analysis,ManifoldTransition,zeromodel.analysis,Class,zeromodel.analysis.manifold,true
zeromodel-analysis,zeromodel.analysis,MatrixPatternDetector,zeromodel.analysis,Class,zeromodel.analysis.patterns,true
zeromodel-analysis,zeromodel.analysis,OBJECTIVE_IDS,zeromodel.analysis,Constant,zeromodel.analysis,false
zeromodel-analysis,zeromodel.analysis,ObjectiveResult,zeromodel.analysis,Class,zeromodel.analysis.patterns,true
zeromodel-analysis,zeromodel.analysis,PATTERN_CHECKER_VERSION,zeromodel.analysis,Constant,zeromodel.analysis,false
zeromodel-analysis,zeromodel.analysis,PATTERN_METHOD,zeromodel.analysis,Constant,zeromodel.analysis,false
zeromodel-analysis,zeromodel.analysis,PHOSResult,zeromodel.analysis,Class,zeromodel.analysis.phos,true
zeromodel-analysis,zeromodel.analysis,PatternAnalysisSpec,zeromodel.analysis,Class,zeromodel.analysis.patterns,true
zeromodel-analysis,zeromodel.analysis,PatternDiscoveryArtifacts,zeromodel.analysis,Class,zeromodel.analysis.patterns,true
zeromodel-analysis,zeromodel.analysis,PatternReport,zeromodel.analysis,Class,zeromodel.analysis.patterns,true
zeromodel-analysis,zeromodel.analysis,Policy,zeromodel.analysis,Class,zeromodel.analysis.controller,true
zeromodel-analysis,zeromodel.analysis,PolicyPropertyChecker,zeromodel.analysis,Class,zeromodel.analysis.policy_properties,true
zeromodel-analysis,zeromodel.analysis,PolicyPropertyResult,zeromodel.analysis,Class,zeromodel.analysis.policy_properties,true
zeromodel-analysis,zeromodel.analysis,PolicyPropertySpec,zeromodel.analysis,Class,zeromodel.analysis.policy_properties,true
zeromodel-analysis,zeromodel.analysis,PolicyPropertyViolation,zeromodel.analysis,Class,zeromodel.analysis.policy_properties,true
zeromodel-analysis,zeromodel.analysis,PolicyVerificationReport,zeromodel.analysis,Class,zeromodel.analysis.policy_properties,true
zeromodel-analysis,zeromodel.analysis,REPORT_METRICS,zeromodel.analysis,Constant,zeromodel.analysis,false
zeromodel-analysis,zeromodel.analysis,Signal,zeromodel.analysis,Class,zeromodel.analysis.controller,true
zeromodel-analysis,zeromodel.analysis,SpatialOptimizationResult,zeromodel.analysis,Class,zeromodel.analysis.spatial,true
zeromodel-analysis,zeromodel.analysis,SpatialOptimizer,zeromodel.analysis,Class,zeromodel.analysis.spatial,true
zeromodel-analysis,zeromodel.analysis,TENSORBOARD_DEFAULT_ALIASES,zeromodel.analysis,Constant,zeromodel.analysis,false
zeromodel-analysis,zeromodel.analysis,TRACKIO_DEFAULT_ALIASES,zeromodel.analysis,Constant,zeromodel.analysis,false
zeromodel-analysis,zeromodel.analysis,Thresholds,zeromodel.analysis,Class,zeromodel.analysis.controller,true
zeromodel-analysis,zeromodel.analysis,TopLeftGate,zeromodel.analysis,Class,zeromodel.analysis.edge,true
zeromodel-analysis,zeromodel.analysis,TopLeftGateResult,zeromodel.analysis,Class,zeromodel.analysis.edge,true
zeromodel-analysis,zeromodel.analysis,TrainingCheckpoint,zeromodel.analysis,Class,zeromodel.analysis.training,true
zeromodel-analysis,zeromodel.analysis,TrainingProgressAssessment,zeromodel.analysis,Class,zeromodel.analysis.training,true
zeromodel-analysis,zeromodel.analysis,VALID_SPLITS,zeromodel.analysis,Constant,zeromodel.analysis,false
zeromodel-analysis,zeromodel.analysis,VERIFICATION_METRICS,zeromodel.analysis,Constant,zeromodel.analysis,false
zeromodel-analysis,zeromodel.analysis,VPMComparison,zeromodel.analysis,Class,zeromodel.analysis.compare,true
zeromodel-analysis,zeromodel.analysis,VPMController,zeromodel.analysis,Class,zeromodel.analysis.controller,true
zeromodel-analysis,zeromodel.analysis,VPMRow,zeromodel.analysis,Class,zeromodel.analysis.controller,true
zeromodel-analysis,zeromodel.analysis,WANDB_DEFAULT_ALIASES,zeromodel.analysis,Constant,zeromodel.analysis,false
zeromodel-analysis,zeromodel.analysis,as_field,zeromodel.analysis,Function,zeromodel.analysis.compose,true
zeromodel-analysis,zeromodel.analysis,build_critic_vpm,zeromodel.analysis,Function,zeromodel.analysis.critic,true
zeromodel-analysis,zeromodel.analysis,build_decision_manifold,zeromodel.analysis,Function,zeromodel.analysis.manifold,true
zeromodel-analysis,zeromodel.analysis,build_discovered_view,zeromodel.analysis,Function,zeromodel.analysis.patterns,true
zeromodel-analysis,zeromodel.analysis,build_learning_vpm,zeromodel.analysis,Function,zeromodel.analysis.learning,true
zeromodel-analysis,zeromodel.analysis,build_optimized_view,zeromodel.analysis,Function,zeromodel.analysis.spatial,true
zeromodel-analysis,zeromodel.analysis,build_pyramid,zeromodel.analysis,Function,zeromodel.analysis.hierarchy,true
zeromodel-analysis,zeromodel.analysis,build_training_progress_vpm,zeromodel.analysis,Function,zeromodel.analysis.training,true
zeromodel-analysis,zeromodel.analysis,checkpoints_from_csv,zeromodel.analysis,Function,zeromodel.analysis.adapters.jsonl,true
zeromodel-analysis,zeromodel.analysis,checkpoints_from_export,zeromodel.analysis,Function,zeromodel.analysis.adapters.common,true
zeromodel-analysis,zeromodel.analysis,checkpoints_from_json,zeromodel.analysis,Function,zeromodel.analysis.adapters.jsonl,true
zeromodel-analysis,zeromodel.analysis,checkpoints_from_jsonl,zeromodel.analysis,Function,zeromodel.analysis.adapters.jsonl,true
zeromodel-analysis,zeromodel.analysis,checkpoints_from_tensorboard_scalars,zeromodel.analysis,Function,zeromodel.analysis.adapters.tensorboard,true
zeromodel-analysis,zeromodel.analysis,checkpoints_from_trackio_export,zeromodel.analysis,Function,zeromodel.analysis.adapters.trackio,true
zeromodel-analysis,zeromodel.analysis,checkpoints_from_wandb_export,zeromodel.analysis,Function,zeromodel.analysis.adapters.wandb,true
zeromodel-analysis,zeromodel.analysis,compare_fields,zeromodel.analysis,Function,zeromodel.analysis.compare,true
zeromodel-analysis,zeromodel.analysis,critic_recipe,zeromodel.analysis,Function,zeromodel.analysis.critic,true
zeromodel-analysis,zeromodel.analysis,decode_key_value_row_id,zeromodel.analysis,Function,zeromodel.analysis.policy_properties,true
zeromodel-analysis,zeromodel.analysis,default_controller,zeromodel.analysis,Function,zeromodel.analysis.controller,true
zeromodel-analysis,zeromodel.analysis,detect_patterns,zeromodel.analysis,Function,zeromodel.analysis.patterns,true
zeromodel-analysis,zeromodel.analysis,find_inflection_points,zeromodel.analysis,Function,zeromodel.analysis.manifold,true
zeromodel-analysis,zeromodel.analysis,guarded_pack_artifact,zeromodel.analysis,Function,zeromodel.analysis.phos,true
zeromodel-analysis,zeromodel.analysis,image_entropy,zeromodel.analysis,Function,zeromodel.analysis.phos,true
zeromodel-analysis,zeromodel.analysis,learning_recipe,zeromodel.analysis,Function,zeromodel.analysis.learning,true
zeromodel-analysis,zeromodel.analysis,load_tracker_records,zeromodel.analysis,Function,zeromodel.analysis.adapters.common,true
zeromodel-analysis,zeromodel.analysis,observations_from_critic_lines,zeromodel.analysis,Function,zeromodel.analysis.critic,true
zeromodel-analysis,zeromodel.analysis,optimize_view_profile,zeromodel.analysis,Function,zeromodel.analysis.spatial,true
zeromodel-analysis,zeromodel.analysis,pack_artifact,zeromodel.analysis,Function,zeromodel.analysis.phos,true
zeromodel-analysis,zeromodel.analysis,phos_sort_pack,zeromodel.analysis,Function,zeromodel.analysis.phos,true
zeromodel-analysis,zeromodel.analysis,records_to_checkpoints,zeromodel.analysis,Function,zeromodel.analysis.adapters.common,true
zeromodel-analysis,zeromodel.analysis,reduce_blocks,zeromodel.analysis,Function,zeromodel.analysis.hierarchy,true
zeromodel-analysis,zeromodel.analysis,robust01,zeromodel.analysis,Function,zeromodel.analysis.phos,true
zeromodel-analysis,zeromodel.analysis,to_square,zeromodel.analysis,Function,zeromodel.analysis.phos,true
zeromodel-analysis,zeromodel.analysis,top_left_concentration,zeromodel.analysis,Function,zeromodel.analysis.phos,true
zeromodel-analysis,zeromodel.analysis,training_progress_recipe,zeromodel.analysis,Function,zeromodel.analysis.training,true
zeromodel-analysis,zeromodel.analysis,vpm_add,zeromodel.analysis,Function,zeromodel.analysis.compose,true
zeromodel-analysis,zeromodel.analysis,vpm_and,zeromodel.analysis,Function,zeromodel.analysis.compose,true
zeromodel-analysis,zeromodel.analysis,vpm_not,zeromodel.analysis,Function,zeromodel.analysis.compose,true
zeromodel-analysis,zeromodel.analysis,vpm_or,zeromodel.analysis,Function,zeromodel.analysis.compose,true
zeromodel-analysis,zeromodel.analysis,vpm_subtract,zeromodel.analysis,Function,zeromodel.analysis.compose,true
zeromodel-analysis,zeromodel.analysis,vpm_xor,zeromodel.analysis,Function,zeromodel.analysis.compose,true
zeromodel-analysis,zeromodel.analysis,with_q_diagnostics,zeromodel.analysis,Function,zeromodel.analysis.policy_diagnostics,true
zeromodel-artifacts,zeromodel.artifacts,ADAPTED_REPORT_ARTIFACT_KIND,zeromodel.artifacts,Constant,zeromodel.artifacts,false
zeromodel-artifacts,zeromodel.artifacts,ARTIFACT_REF_VERSION,zeromodel.artifacts,Constant,zeromodel.artifacts,false
zeromodel-artifacts,zeromodel.artifacts,AdaptedDimensionDTO,zeromodel.artifacts,Class,zeromodel.artifacts.report_dto,true
zeromodel-artifacts,zeromodel.artifacts,AdaptedReportDTO,zeromodel.artifacts,Class,zeromodel.artifacts.report_dto,true
zeromodel-artifacts,zeromodel.artifacts,AdaptedSubjectDTO,zeromodel.artifacts,Class,zeromodel.artifacts.report_dto,true
zeromodel-artifacts,zeromodel.artifacts,AdaptedValueDTO,zeromodel.artifacts,Class,zeromodel.artifacts.report_dto,true
zeromodel-artifacts,zeromodel.artifacts,ArtifactIntegrityError,zeromodel.artifacts,Class,zeromodel.artifacts.store,true
zeromodel-artifacts,zeromodel.artifacts,ArtifactManifestConflictError,zeromodel.artifacts,Class,zeromodel.artifacts.store,true
zeromodel-artifacts,zeromodel.artifacts,ArtifactNotFoundError,zeromodel.artifacts,Class,zeromodel.artifacts.store,true
zeromodel-artifacts,zeromodel.artifacts,ArtifactRef,zeromodel.artifacts,Class,zeromodel.artifacts.ref,true
zeromodel-artifacts,zeromodel.artifacts,ArtifactResolver,zeromodel.artifacts,Class,zeromodel.artifacts.store,true
zeromodel-artifacts,zeromodel.artifacts,ArtifactStore,zeromodel.artifacts,Class,zeromodel.artifacts.store,true
zeromodel-artifacts,zeromodel.artifacts,CellBindingDTO,zeromodel.artifacts,Class,zeromodel.artifacts.compiled_artifact,true
zeromodel-artifacts,zeromodel.artifacts,CompiledReportArtifactDTO,zeromodel.artifacts,Class,zeromodel.artifacts.compiled_artifact,true
zeromodel-artifacts,zeromodel.artifacts,CompiledReportClosureReceiptDTO,zeromodel.artifacts,Class,zeromodel.artifacts.aggregate,true
zeromodel-artifacts,zeromodel.artifacts,CoreArtifactRefs,zeromodel.artifacts,Class,zeromodel.artifacts.compiled_artifact,true
zeromodel-artifacts,zeromodel.artifacts,InMemoryArtifactStore,zeromodel.artifacts,Class,zeromodel.artifacts.store,true
zeromodel-artifacts,zeromodel.artifacts,LAYOUT_RECIPE_ARTIFACT_KIND,zeromodel.artifacts,Constant,zeromodel.artifacts,false
zeromodel-artifacts,zeromodel.artifacts,REPORT_ADAPTER_CONTRACT_ARTIFACT_KIND,zeromodel.artifacts,Constant,zeromodel.artifacts,false
zeromodel-artifacts,zeromodel.artifacts,ReportAdaptationError,zeromodel.artifacts,Class,zeromodel.artifacts.report_errors,true
zeromodel-artifacts,zeromodel.artifacts,ReportAdapter,zeromodel.artifacts,Class,zeromodel.artifacts.adapter,true
zeromodel-artifacts,zeromodel.artifacts,ReportAdapterContractDTO,zeromodel.artifacts,Class,zeromodel.artifacts.report_dto,true
zeromodel-artifacts,zeromodel.artifacts,ReportCompilationError,zeromodel.artifacts,Class,zeromodel.artifacts.report_errors,true
zeromodel-artifacts,zeromodel.artifacts,ReportFindingRefDTO,zeromodel.artifacts,Class,zeromodel.artifacts.report_dto,true
zeromodel-artifacts,zeromodel.artifacts,ResolvedCompiledReportAggregateDTO,zeromodel.artifacts,Class,zeromodel.artifacts.aggregate,true
zeromodel-artifacts,zeromodel.artifacts,SCORE_TABLE_ARTIFACT_KIND,zeromodel.artifacts,Constant,zeromodel.artifacts,false
zeromodel-artifacts,zeromodel.artifacts,ScoreSemantics,zeromodel.artifacts,Class,zeromodel.artifacts.score_semantics,true
zeromodel-artifacts,zeromodel.artifacts,SourceBindingDTO,zeromodel.artifacts,Class,zeromodel.artifacts.report_dto,true
zeromodel-artifacts,zeromodel.artifacts,VPM_ARTIFACT_ARTIFACT_KIND,zeromodel.artifacts,Constant,zeromodel.artifacts,false
zeromodel-artifacts,zeromodel.artifacts,build_compiled_report_closure_receipt,zeromodel.artifacts,Function,zeromodel.artifacts.aggregate,true
zeromodel-artifacts,zeromodel.artifacts,canonical_json_bytes,zeromodel.artifacts,Function,zeromodel.core.content_identity,true
zeromodel-artifacts,zeromodel.artifacts,compile_report,zeromodel.artifacts,Function,zeromodel.artifacts.report_compiler,true
zeromodel-artifacts,zeromodel.artifacts,compute_compatibility_schema_id,zeromodel.artifacts,Function,zeromodel.artifacts.compatibility_schema,true
zeromodel-artifacts,zeromodel.artifacts,compute_report_semantics_id,zeromodel.artifacts,Function,zeromodel.artifacts.compatibility_schema,true
zeromodel-artifacts,zeromodel.artifacts,is_sha256_digest,zeromodel.artifacts,Function,zeromodel.artifacts.ref,true
zeromodel-artifacts,zeromodel.artifacts,load_adapted_report,zeromodel.artifacts,Function,zeromodel.artifacts.adapted_report_persistence,true
zeromodel-artifacts,zeromodel.artifacts,load_compiled_report_aggregate,zeromodel.artifacts,Function,zeromodel.artifacts.aggregate,true
zeromodel-artifacts,zeromodel.artifacts,load_compiled_report_artifact,zeromodel.artifacts,Function,zeromodel.artifacts.report_loading,true
zeromodel-artifacts,zeromodel.artifacts,load_compiled_report_vpm,zeromodel.artifacts,Function,zeromodel.artifacts.aggregate,true
zeromodel-artifacts,zeromodel.artifacts,load_layout_recipe,zeromodel.artifacts,Function,zeromodel.artifacts.core_artifact_persistence,true
zeromodel-artifacts,zeromodel.artifacts,load_report_adapter_contract,zeromodel.artifacts,Function,zeromodel.artifacts.report_adapter_contract_persistence,true
zeromodel-artifacts,zeromodel.artifacts,load_score_table,zeromodel.artifacts,Function,zeromodel.artifacts.core_artifact_persistence,true
zeromodel-artifacts,zeromodel.artifacts,load_vpm_artifact,zeromodel.artifacts,Function,zeromodel.artifacts.core_artifact_persistence,true
zeromodel-artifacts,zeromodel.artifacts,sha256_digest,zeromodel.artifacts,Function,zeromodel.core.content_identity,true
zeromodel-artifacts,zeromodel.artifacts,store_adapted_report,zeromodel.artifacts,Function,zeromodel.artifacts.adapted_report_persistence,true
zeromodel-artifacts,zeromodel.artifacts,store_layout_recipe,zeromodel.artifacts,Function,zeromodel.artifacts.core_artifact_persistence,true
zeromodel-artifacts,zeromodel.artifacts,store_report_adapter_contract,zeromodel.artifacts,Function,zeromodel.artifacts.report_adapter_contract_persistence,true
zeromodel-artifacts,zeromodel.artifacts,store_score_table,zeromodel.artifacts,Function,zeromodel.artifacts.core_artifact_persistence,true
zeromodel-artifacts,zeromodel.artifacts,store_vpm_artifact,zeromodel.artifacts,Function,zeromodel.artifacts.core_artifact_persistence,true
zeromodel-artifacts,zeromodel.artifacts,validate_compiled_report_aggregate,zeromodel.artifacts,Function,zeromodel.artifacts.aggregate,true
zeromodel-navigation,zeromodel.navigation,HierarchyCompilerSpecDTO,zeromodel.navigation,Class,zeromodel.navigation.dto,true
zeromodel-navigation,zeromodel.navigation,HierarchyManifestDTO,zeromodel.navigation,Class,zeromodel.navigation.dto,true
zeromodel-navigation,zeromodel.navigation,NavigationTileDTO,zeromodel.navigation,Class,zeromodel.navigation.dto,true
zeromodel-navigation,zeromodel.navigation,TraversalReceiptDTO,zeromodel.navigation,Class,zeromodel.navigation.dto,true
zeromodel-navigation,zeromodel.navigation,TraversalRequestDTO,zeromodel.navigation,Class,zeromodel.navigation.dto,true
zeromodel-navigation,zeromodel.navigation,TraversalResultDTO,zeromodel.navigation,Class,zeromodel.navigation.dto,true
zeromodel-navigation,zeromodel.navigation,TraversalRule,zeromodel.navigation,Class,zeromodel.navigation.rules,true
zeromodel-navigation,zeromodel.navigation,TraversalStepDTO,zeromodel.navigation,Class,zeromodel.navigation.dto,true
zeromodel-navigation,zeromodel.navigation,compile_hierarchy,zeromodel.navigation,Function,zeromodel.navigation.compiler,true
zeromodel-navigation,zeromodel.navigation,replay_traversal,zeromodel.navigation,Function,zeromodel.navigation.traversal,true
zeromodel-navigation,zeromodel.navigation,traverse,zeromodel.navigation,Function,zeromodel.navigation.traversal,true
zeromodel-navigation,zeromodel.navigation,validate_hierarchy,zeromodel.navigation,Function,zeromodel.navigation.compiler,true
zeromodel-observation,zeromodel.observation,DEPLOYMENT_BINDING_VERSION,zeromodel.observation,Constant,zeromodel.observation,false
zeromodel-observation,zeromodel.observation,DeploymentBinding,zeromodel.observation,Class,zeromodel.observation.deployment_binding,true
zeromodel-observation,zeromodel.observation,IMAGE_OBSERVATION_VERSION,zeromodel.observation,Constant,zeromodel.observation,false
zeromodel-observation,zeromodel.observation,ImageObservation,zeromodel.observation,Class,zeromodel.observation.visual_address,true
zeromodel-observation,zeromodel.observation,PrototypeBinding,zeromodel.observation,Class,zeromodel.observation.visual_address_manifest,true
zeromodel-observation,zeromodel.observation,VISUAL_ADDRESS_CONTRACT_VERSION,zeromodel.observation,Constant,zeromodel.observation,false
zeromodel-observation,zeromodel.observation,VISUAL_ADDRESS_DECISION_VERSION,zeromodel.observation,Constant,zeromodel.observation,false
zeromodel-observation,zeromodel.observation,VISUAL_ADDRESS_MANIFEST_VERSION,zeromodel.observation,Constant,zeromodel.observation,false
zeromodel-observation,zeromodel.observation,VisualAddressContract,zeromodel.observation,Class,zeromodel.observation.visual_address,true
zeromodel-observation,zeromodel.observation,VisualAddressDecision,zeromodel.observation,Class,zeromodel.observation.visual_address,true
zeromodel-observation,zeromodel.observation,VisualAddressManifest,zeromodel.observation,Class,zeromodel.observation.visual_address_manifest,true
zeromodel-observation,zeromodel.observation,VisualAddressProvider,zeromodel.observation,Class,zeromodel.observation.visual_address,true
zeromodel-observer,zeromodel.observer,InMemoryObserverHabitRegistry,zeromodel.observer,Class,zeromodel.observer.habit_registry,true
zeromodel-observer,zeromodel.observer,InMemoryObserverTransitionLedger,zeromodel.observer,Class,zeromodel.observer.ledger,true
zeromodel-observer,zeromodel.observer,ObserverActiveHabitDecisionDTO,zeromodel.observer,Class,zeromodel.observer.habit_activation,true
zeromodel-observer,zeromodel.observer,ObserverActiveHabitExecutionReportDTO,zeromodel.observer,Class,zeromodel.observer.habit_active_runtime,true
zeromodel-observer,zeromodel.observer,ObserverActiveHabitOccurrenceDTO,zeromodel.observer,Class,zeromodel.observer.habit_active_runtime,true
zeromodel-observer,zeromodel.observer,ObserverCategoryMappingDTO,zeromodel.observer,Class,zeromodel.observer.grouping,true
zeromodel-observer,zeromodel.observer,ObserverComparisonRecipeDTO,zeromodel.observer,Class,zeromodel.observer.comparison,true
zeromodel-observer,zeromodel.observer,ObserverComparisonResultDTO,zeromodel.observer,Class,zeromodel.observer.comparison,true
zeromodel-observer,zeromodel.observer,ObserverContradictionArtifactDTO,zeromodel.observer,Class,zeromodel.observer.artifacts,true
zeromodel-observer,zeromodel.observer,ObserverEvidenceIndependenceDTO,zeromodel.observer,Class,zeromodel.observer.promotion,true
zeromodel-observer,zeromodel.observer,ObserverExecutedFixtureStepDTO,zeromodel.observer,Class,zeromodel.observer.fixture,true
zeromodel-observer,zeromodel.observer,ObserverFeatureComparisonDTO,zeromodel.observer,Class,zeromodel.observer.comparison,true
zeromodel-observer,zeromodel.observer,ObserverFeatureComparisonResultDTO,zeromodel.observer,Class,zeromodel.observer.comparison,true
zeromodel-observer,zeromodel.observer,ObserverFeatureDefinitionDTO,zeromodel.observer,Class,zeromodel.observer.artifacts,true
zeromodel-observer,zeromodel.observer,ObserverFixtureActionDTO,zeromodel.observer,Class,zeromodel.observer.fixture,true
zeromodel-observer,zeromodel.observer,ObserverFixtureEpisodeResultDTO,zeromodel.observer,Class,zeromodel.observer.fixture_runtime,true
zeromodel-observer,zeromodel.observer,ObserverFixtureError,zeromodel.observer,Class,zeromodel.observer.fixture,true
zeromodel-observer,zeromodel.observer,ObserverFixtureRuleScheduleEntryDTO,zeromodel.observer,Class,zeromodel.observer.fixture_runtime,true
zeromodel-observer,zeromodel.observer,ObserverFixtureRuleSetDTO,zeromodel.observer,Class,zeromodel.observer.fixture,true
zeromodel-observer,zeromodel.observer,ObserverFixtureStateDTO,zeromodel.observer,Class,zeromodel.observer.fixture,true
zeromodel-observer,zeromodel.observer,ObserverGraphRebuildVerificationDTO,zeromodel.observer,Class,zeromodel.observer.graph,true
zeromodel-observer,zeromodel.observer,ObserverGroupedFeatureValueDTO,zeromodel.observer,Class,zeromodel.observer.grouping,true
zeromodel-observer,zeromodel.observer,ObserverGroupingFeatureDTO,zeromodel.observer,Class,zeromodel.observer.grouping,true
zeromodel-observer,zeromodel.observer,ObserverHabitActivationRequestDTO,zeromodel.observer,Class,zeromodel.observer.habit_activation,true
zeromodel-observer,zeromodel.observer,ObserverHabitActivationResultDTO,zeromodel.observer,Class,zeromodel.observer.habit_activation,true
zeromodel-observer,zeromodel.observer,ObserverHabitActivationScopeDTO,zeromodel.observer,Class,zeromodel.observer.habit_activation,true
zeromodel-observer,zeromodel.observer,ObserverHabitAdmissionDecisionDTO,zeromodel.observer,Class,zeromodel.observer.habit_admission,true
zeromodel-observer,zeromodel.observer,ObserverHabitAdmissionRecipeDTO,zeromodel.observer,Class,zeromodel.observer.habit_admission,true
zeromodel-observer,zeromodel.observer,ObserverHabitCompilationRecipeDTO,zeromodel.observer,Class,zeromodel.observer.habit,true
zeromodel-observer,zeromodel.observer,ObserverHabitCompilationResultDTO,zeromodel.observer,Class,zeromodel.observer.habit,true
zeromodel-observer,zeromodel.observer,ObserverHabitCounterexampleCoverageDTO,zeromodel.observer,Class,zeromodel.observer.habit,true
zeromodel-observer,zeromodel.observer,ObserverHabitCounterexampleDTO,zeromodel.observer,Class,zeromodel.observer.habit,true
zeromodel-observer,zeromodel.observer,ObserverHabitError,zeromodel.observer,Class,zeromodel.observer.habit,true
zeromodel-observer,zeromodel.observer,ObserverHabitEvaluationDTO,zeromodel.observer,Class,zeromodel.observer.habit,true
zeromodel-observer,zeromodel.observer,ObserverHabitGuardDTO,zeromodel.observer,Class,zeromodel.observer.habit,true
zeromodel-observer,zeromodel.observer,ObserverHabitGuardEvaluationDTO,zeromodel.observer,Class,zeromodel.observer.habit,true
zeromodel-observer,zeromodel.observer,ObserverHabitRegistryEntryDTO,zeromodel.observer,Class,zeromodel.observer.habit_registry,true
zeromodel-observer,zeromodel.observer,ObserverHabitRegistryError,zeromodel.observer,Class,zeromodel.observer.habit_registry,true
zeromodel-observer,zeromodel.observer,ObserverHabitRegistryEventDTO,zeromodel.observer,Class,zeromodel.observer.habit_registry,true
zeromodel-observer,zeromodel.observer,ObserverHabitRegistryReplayDTO,zeromodel.observer,Class,zeromodel.observer.habit_registry,true
zeromodel-observer,zeromodel.observer,ObserverHabitRegistryRecoveryDTO,zeromodel.observer,Class,zeromodel.observer.habit_registry_store,true
zeromodel-observer,zeromodel.observer,ObserverHabitRegistrySnapshotDTO,zeromodel.observer,Class,zeromodel.observer.habit_registry,true
zeromodel-observer,zeromodel.observer,ObserverHabitRegistryStore,zeromodel.observer,Class,zeromodel.observer.habit_registry_store,true
zeromodel-observer,zeromodel.observer,ObserverHabitRegistryStoreCommitDTO,zeromodel.observer,Class,zeromodel.observer.habit_registry_store,true
zeromodel-observer,zeromodel.observer,ObserverHabitRegistryStoreError,zeromodel.observer,Class,zeromodel.observer.habit_registry_store,true
zeromodel-observer,zeromodel.observer,ObserverHabitRegistryStoreVerificationDTO,zeromodel.observer,Class,zeromodel.observer.habit_registry_store,true
zeromodel-observer,zeromodel.observer,ObserverHabitRollbackRequestDTO,zeromodel.observer,Class,zeromodel.observer.habit_registry,true
zeromodel-observer,zeromodel.observer,ObserverHabitRollbackResultDTO,zeromodel.observer,Class,zeromodel.observer.habit_registry,true
zeromodel-observer,zeromodel.observer,ObserverHabitRuntimeSafetyRecipeDTO,zeromodel.observer,Class,zeromodel.observer.habit_active_runtime,true
zeromodel-observer,zeromodel.observer,ObserverHabitShadowAuditDTO,zeromodel.observer,Class,zeromodel.observer.habit,true
zeromodel-observer,zeromodel.observer,ObserverHabitShadowAuditRecipeDTO,zeromodel.observer,Class,zeromodel.observer.habit,true
zeromodel-observer,zeromodel.observer,ObserverHabitShadowEpisodeDTO,zeromodel.observer,Class,zeromodel.observer.habit,true
zeromodel-observer,zeromodel.observer,ObserverHabitShadowOccurrenceDTO,zeromodel.observer,Class,zeromodel.observer.habit,true
zeromodel-observer,zeromodel.observer,ObserverHabitShadowReplayDTO,zeromodel.observer,Class,zeromodel.observer.habit,true
zeromodel-observer,zeromodel.observer,ObserverHabitSpecificationDTO,zeromodel.observer,Class,zeromodel.observer.habit,true
zeromodel-observer,zeromodel.observer,ObserverHiddenStateHypothesisDTO,zeromodel.observer,Class,zeromodel.observer.comparison,true
zeromodel-observer,zeromodel.observer,ObserverHiddenStateHypothesisSetDTO,zeromodel.observer,Class,zeromodel.observer.comparison,true
zeromodel-observer,zeromodel.observer,ObserverLedgerReplayResultDTO,zeromodel.observer,Class,zeromodel.observer.ledger,true
zeromodel-observer,zeromodel.observer,ObserverNoveltyEvidenceDTO,zeromodel.observer,Class,zeromodel.observer.promotion,true
zeromodel-observer,zeromodel.observer,ObserverObservationArtifactDTO,zeromodel.observer,Class,zeromodel.observer.artifacts,true
zeromodel-observer,zeromodel.observer,ObserverObservationGraphBuildDTO,zeromodel.observer,Class,zeromodel.observer.graph,true
zeromodel-observer,zeromodel.observer,ObserverObservationGraphDTO,zeromodel.observer,Class,zeromodel.observer.graph,true
zeromodel-observer,zeromodel.observer,ObserverObservationGraphEdgeDTO,zeromodel.observer,Class,zeromodel.observer.graph,true
zeromodel-observer,zeromodel.observer,ObserverObservationGraphError,zeromodel.observer,Class,zeromodel.observer.grouping,true
zeromodel-observer,zeromodel.observer,ObserverObservationGraphNodeDTO,zeromodel.observer,Class,zeromodel.observer.graph,true
zeromodel-observer,zeromodel.observer,ObserverObservationSchemaDTO,zeromodel.observer,Class,zeromodel.observer.artifacts,true
zeromodel-observer,zeromodel.observer,ObserverPolicyConsequenceEvidenceDTO,zeromodel.observer,Class,zeromodel.observer.comparison,true
zeromodel-observer,zeromodel.observer,ObserverPredictedTransitionDTO,zeromodel.observer,Class,zeromodel.observer.fixture_predictor,true
zeromodel-observer,zeromodel.observer,ObserverPromotionAnalysisDTO,zeromodel.observer,Class,zeromodel.observer.promotion,true
zeromodel-observer,zeromodel.observer,ObserverPromotionAnalysisError,zeromodel.observer,Class,zeromodel.observer.promotion,true
zeromodel-observer,zeromodel.observer,ObserverPromotionCandidateDTO,zeromodel.observer,Class,zeromodel.observer.promotion,true
zeromodel-observer,zeromodel.observer,ObserverPromotionEvidenceRecipeDTO,zeromodel.observer,Class,zeromodel.observer.promotion,true
zeromodel-observer,zeromodel.observer,ObserverProposedChangeDTO,zeromodel.observer,Class,zeromodel.observer.repair,true
zeromodel-observer,zeromodel.observer,ObserverRepairConstraintDTO,zeromodel.observer,Class,zeromodel.observer.repair,true
zeromodel-observer,zeromodel.observer,ObserverRepairProposalDTO,zeromodel.observer,Class,zeromodel.observer.repair,true
zeromodel-observer,zeromodel.observer,ObserverRepairProposalError,zeromodel.observer,Class,zeromodel.observer.repair,true
zeromodel-observer,zeromodel.observer,ObserverReplacementPolicyArtifactDTO,zeromodel.observer,Class,zeromodel.observer.artifacts,true
zeromodel-observer,zeromodel.observer,ObserverRuleChangeSurvivalDTO,zeromodel.observer,Class,zeromodel.observer.promotion,true
zeromodel-observer,zeromodel.observer,ObserverRuleChangeTestDTO,zeromodel.observer,Class,zeromodel.observer.promotion,true
zeromodel-observer,zeromodel.observer,ObserverRuleRegimeDTO,zeromodel.observer,Class,zeromodel.observer.promotion,true
zeromodel-observer,zeromodel.observer,ObserverStateClassAssignmentDTO,zeromodel.observer,Class,zeromodel.observer.grouping,true
zeromodel-observer,zeromodel.observer,ObserverStateClassDTO,zeromodel.observer,Class,zeromodel.observer.grouping,true
zeromodel-observer,zeromodel.observer,ObserverStateGroupingRecipeDTO,zeromodel.observer,Class,zeromodel.observer.grouping,true
zeromodel-observer,zeromodel.observer,ObserverStateTransitionKeyDTO,zeromodel.observer,Class,zeromodel.observer.graph,true
zeromodel-observer,zeromodel.observer,ObserverTransitionLedgerEntryDTO,zeromodel.observer,Class,zeromodel.observer.ledger,true
zeromodel-observer,zeromodel.observer,ObserverTransitionLedgerSnapshotDTO,zeromodel.observer,Class,zeromodel.observer.ledger,true
zeromodel-observer,zeromodel.observer,ObserverTransitionOccurrenceDTO,zeromodel.observer,Class,zeromodel.observer.promotion,true
zeromodel-observer,zeromodel.observer,ObserverTransitionRecordDTO,zeromodel.observer,Class,zeromodel.observer.artifacts,true
zeromodel-observer,zeromodel.observer,ObserverTransitionRecurrenceDTO,zeromodel.observer,Class,zeromodel.observer.promotion,true
zeromodel-observer,zeromodel.observer,ObserverTransitionStabilityDTO,zeromodel.observer,Class,zeromodel.observer.promotion,true
zeromodel-observer,zeromodel.observer,ObserverTransitionVerificationDTO,zeromodel.observer,Class,zeromodel.observer.transition_service,true
zeromodel-observer,zeromodel.observer,ObserverTransitionVerificationError,zeromodel.observer,Class,zeromodel.observer.transition_service,true
zeromodel-observer,zeromodel.observer,ObserverWakeEvaluationDTO,zeromodel.observer,Class,zeromodel.observer.wake,true
zeromodel-observer,zeromodel.observer,ObserverWakePolicyAblationDTO,zeromodel.observer,Class,zeromodel.observer.wake,true
zeromodel-observer,zeromodel.observer,ObserverWakePolicyDTO,zeromodel.observer,Class,zeromodel.observer.wake,true
zeromodel-observer,zeromodel.observer,ObserverWakePolicyReplayDTO,zeromodel.observer,Class,zeromodel.observer.wake,true
zeromodel-observer,zeromodel.observer,activate_observer_habit,zeromodel.observer,Function,zeromodel.observer.habit_activation,true
zeromodel-observer,zeromodel.observer,active_rule_for_step,zeromodel.observer,Function,zeromodel.observer.fixture_runtime,true
zeromodel-observer,zeromodel.observer,admit_observer_habit,zeromodel.observer,Function,zeromodel.observer.habit_admission,true
zeromodel-observer,zeromodel.observer,analyze_observer_promotion_candidates,zeromodel.observer,Function,zeromodel.observer.promotion_service,true
zeromodel-observer,zeromodel.observer,assign_observation_to_state_class,zeromodel.observer,Function,zeromodel.observer.grouping,true
zeromodel-observer,zeromodel.observer,audit_observer_habit_shadow,zeromodel.observer,Function,zeromodel.observer.habit_shadow,true
zeromodel-observer,zeromodel.observer,build_contradiction_artifact,zeromodel.observer,Function,zeromodel.observer.artifacts,true
zeromodel-observer,zeromodel.observer,build_observer_fixture_comparison_recipe,zeromodel.observer,Function,zeromodel.observer.fixture_predictor,true
zeromodel-observer,zeromodel.observer,build_observer_fixture_observation_schema,zeromodel.observer,Function,zeromodel.observer.fixture_predictor,true
zeromodel-observer,zeromodel.observer,build_observer_observation_graph,zeromodel.observer,Function,zeromodel.observer.graph_service,true
zeromodel-observer,zeromodel.observer,build_observer_transition_ledger_snapshot,zeromodel.observer,Function,zeromodel.observer.ledger,true
zeromodel-observer,zeromodel.observer,build_replacement_policy_artifact,zeromodel.observer,Function,zeromodel.observer.artifacts,true
zeromodel-observer,zeromodel.observer,build_transition_record,zeromodel.observer,Function,zeromodel.observer.artifacts,true
zeromodel-observer,zeromodel.observer,build_wake_policy_ablation,zeromodel.observer,Function,zeromodel.observer.wake,true
zeromodel-observer,zeromodel.observer,compare_observer_transition,zeromodel.observer,Function,zeromodel.observer.comparison,true
zeromodel-observer,zeromodel.observer,compile_observer_habit_specification,zeromodel.observer,Function,zeromodel.observer.habit_service,true
zeromodel-observer,zeromodel.observer,empty_observer_habit_registry_snapshot,zeromodel.observer,Function,zeromodel.observer.habit_registry,true
zeromodel-observer,zeromodel.observer,evaluate_observer_habit,zeromodel.observer,Function,zeromodel.observer.habit_service,true
zeromodel-observer,zeromodel.observer,evaluate_observer_habit_over_ledger,zeromodel.observer,Function,zeromodel.observer.habit_shadow,true
zeromodel-observer,zeromodel.observer,evaluate_wake_policy_for_entry,zeromodel.observer,Function,zeromodel.observer.wake,true
zeromodel-observer,zeromodel.observer,evaluate_wake_policy_over_ledger,zeromodel.observer,Function,zeromodel.observer.wake,true
zeromodel-observer,zeromodel.observer,execute_observer_fixture_step,zeromodel.observer,Function,zeromodel.observer.fixture_predictor,true
zeromodel-observer,zeromodel.observer,predict_observer_fixture_transition,zeromodel.observer,Function,zeromodel.observer.fixture_predictor,true
zeromodel-observer,zeromodel.observer,propose_observer_repair,zeromodel.observer,Function,zeromodel.observer.repair_service,true
zeromodel-observer,zeromodel.observer,replay_observer_fixture_ledger,zeromodel.observer,Function,zeromodel.observer.ledger,true
zeromodel-observer,zeromodel.observer,replay_observer_habit_registry,zeromodel.observer,Function,zeromodel.observer.habit_registry,true
zeromodel-observer,zeromodel.observer,run_observer_fixture_episode,zeromodel.observer,Function,zeromodel.observer.fixture_runtime,true
zeromodel-observer,zeromodel.observer,run_observer_fixture_habit_shadow_episode,zeromodel.observer,Function,zeromodel.observer.habit_shadow,true
zeromodel-observer,zeromodel.observer,run_observer_fixture_with_active_habit,zeromodel.observer,Function,zeromodel.observer.habit_active_runtime,true
zeromodel-observer,zeromodel.observer,select_observer_active_action,zeromodel.observer,Function,zeromodel.observer.habit_activation,true
zeromodel-observer,zeromodel.observer,SqliteObserverHabitRegistry,zeromodel.observer,Class,zeromodel.observer.habit_registry_sqlite,true
zeromodel-observer,zeromodel.observer,SqliteObserverHabitRegistryStore,zeromodel.observer,Class,zeromodel.observer.habit_registry_sqlite,true
zeromodel-observer,zeromodel.observer,verify_observer_graph_rebuild,zeromodel.observer,Function,zeromodel.observer.graph_service,true
zeromodel-observer,zeromodel.observer,verify_observer_transition,zeromodel.observer,Function,zeromodel.observer.transition_service,true
zeromodel-observer,zeromodel.observer,verify_observer_transition_ledger_integrity,zeromodel.observer,Function,zeromodel.observer.ledger,true
zeromodel-perception,zeromodel.perception,ACTION_SCHEMA_VERSION,zeromodel.perception,Constant,zeromodel.perception,false
zeromodel-perception,zeromodel.perception,ACTIVE_MODEL_POINTER_VERSION,zeromodel.perception,Constant,zeromodel.perception,false
zeromodel-perception,zeromodel.perception,ACTIVE_POINTER_SEMANTICS,zeromodel.perception,Constant,zeromodel.perception,false
zeromodel-perception,zeromodel.perception,ANNOTATION_VERSION,zeromodel.perception,Constant,zeromodel.perception,false
zeromodel-perception,zeromodel.perception,ActionCandidateDTO,zeromodel.perception,Class,zeromodel.perception.inference,true
zeromodel-perception,zeromodel.perception,ActionFrequencyDTO,zeromodel.perception,Class,zeromodel.perception.health,true
zeromodel-perception,zeromodel.perception,ActiveModelPointerDTO,zeromodel.perception,Class,zeromodel.perception.lifecycle,true
zeromodel-perception,zeromodel.perception,ActivePromotionStateDTO,zeromodel.perception,Class,zeromodel.perception.promotion_activation,true
zeromodel-perception,zeromodel.perception,BASELINE_MODEL_VERSION,zeromodel.perception,Constant,zeromodel.perception,false
zeromodel-perception,zeromodel.perception,BaselineInferenceConfigDTO,zeromodel.perception,Class,zeromodel.perception.inference,true
zeromodel-perception,zeromodel.perception,BaselineNearestNeighborModelDTO,zeromodel.perception,Class,zeromodel.perception.inference,true
zeromodel-perception,zeromodel.perception,BaselinePredictionDTO,zeromodel.perception,Class,zeromodel.perception.inference,true
zeromodel-perception,zeromodel.perception,BaselineTrainingExampleDTO,zeromodel.perception,Class,zeromodel.perception.inference,true
zeromodel-perception,zeromodel.perception,CALIBRATION_SEMANTICS,zeromodel.perception,Constant,zeromodel.perception,false
zeromodel-perception,zeromodel.perception,CANDIDATE_PROMOTION_DECISIONS,zeromodel.perception,Constant,zeromodel.perception,false
zeromodel-perception,zeromodel.perception,CANDIDATE_PROMOTION_DECISION_VERSION,zeromodel.perception,Constant,zeromodel.perception,false
zeromodel-perception,zeromodel.perception,CANDIDATE_PROMOTION_MATERIALIZATION_STATUS,zeromodel.perception,Constant,zeromodel.perception,false
zeromodel-perception,zeromodel.perception,CANDIDATE_PROMOTION_PROPOSAL_SET_VERSION,zeromodel.perception,Constant,zeromodel.perception,false
zeromodel-perception,zeromodel.perception,CANDIDATE_PROMOTION_PROPOSAL_STATUS,zeromodel.perception,Constant,zeromodel.perception,false
zeromodel-perception,zeromodel.perception,CANDIDATE_PROMOTION_PROPOSAL_VERSION,zeromodel.perception,Constant,zeromodel.perception,false
zeromodel-perception,zeromodel.perception,CANDIDATE_PROMOTION_REVIEW_STATUSES,zeromodel.perception,Constant,zeromodel.perception,false
zeromodel-perception,zeromodel.perception,CANDIDATE_PROMOTION_REVIEW_VERSION,zeromodel.perception,Constant,zeromodel.perception,false
zeromodel-perception,zeromodel.perception,CANDIDATE_PROMOTION_SEMANTICS,zeromodel.perception,Constant,zeromodel.perception,false
zeromodel-perception,zeromodel.perception,CANDIDATE_VALIDATION_EXPECTATION_VERSION,zeromodel.perception,Constant,zeromodel.perception,false
zeromodel-perception,zeromodel.perception,CANDIDATE_VALIDATION_FINDING_STATUSES,zeromodel.perception,Constant,zeromodel.perception,false
zeromodel-perception,zeromodel.perception,CANDIDATE_VALIDATION_FINDING_VERSION,zeromodel.perception,Constant,zeromodel.perception,false
zeromodel-perception,zeromodel.perception,CANDIDATE_VALIDATION_POLICY_VERSION,zeromodel.perception,Constant,zeromodel.perception,false
zeromodel-perception,zeromodel.perception,CANDIDATE_VALIDATION_REPORT_STATUSES,zeromodel.perception,Constant,zeromodel.perception,false
zeromodel-perception,zeromodel.perception,CANDIDATE_VALIDATION_REPORT_VERSION,zeromodel.perception,Constant,zeromodel.perception,false
zeromodel-perception,zeromodel.perception,CANDIDATE_VALIDATION_RESULT_STATUSES,zeromodel.perception,Constant,zeromodel.perception,false
zeromodel-perception,zeromodel.perception,CANDIDATE_VALIDATION_RESULT_VERSION,zeromodel.perception,Constant,zeromodel.perception,false
zeromodel-perception,zeromodel.perception,CANDIDATE_VALIDATION_SEMANTICS,zeromodel.perception,Constant,zeromodel.perception,false
zeromodel-perception,zeromodel.perception,CERTIFICATION_AUDIT_FINDING_VERSION,zeromodel.perception,Constant,zeromodel.perception,false
zeromodel-perception,zeromodel.perception,CERTIFICATION_AUDIT_SEMANTICS,zeromodel.perception,Constant,zeromodel.perception,false
zeromodel-perception,zeromodel.perception,CERTIFICATION_AUDIT_SEVERITIES,zeromodel.perception,Constant,zeromodel.perception,false
zeromodel-perception,zeromodel.perception,CERTIFICATION_AUDIT_STATUSES,zeromodel.perception,Constant,zeromodel.perception,false
zeromodel-perception,zeromodel.perception,CERTIFICATION_AUDIT_VERSION,zeromodel.perception,Constant,zeromodel.perception,false
zeromodel-perception,zeromodel.perception,CERTIFICATION_EXECUTION_GATE_SEMANTICS,zeromodel.perception,Constant,zeromodel.perception,false
zeromodel-perception,zeromodel.perception,CERTIFICATION_EXECUTION_GATE_VERSION,zeromodel.perception,Constant,zeromodel.perception,false
zeromodel-perception,zeromodel.perception,COEFFICIENT_SEMANTICS,zeromodel.perception,Constant,zeromodel.perception,false
zeromodel-perception,zeromodel.perception,CONFIDENCE_SEMANTICS,zeromodel.perception,Constant,zeromodel.perception,false
zeromodel-perception,zeromodel.perception,CONFORMANCE_REPORT_VERSION,zeromodel.perception,Constant,zeromodel.perception,false
zeromodel-perception,zeromodel.perception,CONFORMANCE_STATUSES,zeromodel.perception,Constant,zeromodel.perception,false
zeromodel-perception,zeromodel.perception,CalibratedTranslatorPredictionDTO,zeromodel.perception,Class,zeromodel.perception.translator_evaluation,true
zeromodel-perception,zeromodel.perception,CandidatePromotionDecisionDTO,zeromodel.perception,Class,zeromodel.perception.candidate_promotion,true
zeromodel-perception,zeromodel.perception,CandidatePromotionProposalDTO,zeromodel.perception,Class,zeromodel.perception.candidate_promotion,true
zeromodel-perception,zeromodel.perception,CandidatePromotionProposalSetDTO,zeromodel.perception,Class,zeromodel.perception.candidate_promotion,true
zeromodel-perception,zeromodel.perception,CandidatePromotionReviewDTO,zeromodel.perception,Class,zeromodel.perception.candidate_promotion,true
zeromodel-perception,zeromodel.perception,CandidateValidationExpectationDTO,zeromodel.perception,Class,zeromodel.perception.candidate_validation,true
zeromodel-perception,zeromodel.perception,CandidateValidationFindingDTO,zeromodel.perception,Class,zeromodel.perception.candidate_validation,true
zeromodel-perception,zeromodel.perception,CandidateValidationPolicyDTO,zeromodel.perception,Class,zeromodel.perception.candidate_validation,true
zeromodel-perception,zeromodel.perception,CandidateValidationReportDTO,zeromodel.perception,Class,zeromodel.perception.candidate_validation,true
zeromodel-perception,zeromodel.perception,CandidateValidationResultDTO,zeromodel.perception,Class,zeromodel.perception.candidate_validation,true
zeromodel-perception,zeromodel.perception,CertificationExecutionAdmissionBundleDTO,zeromodel.perception,Class,zeromodel.perception.sql_admission,true
zeromodel-perception,zeromodel.perception,CertificationExecutionGateDTO,zeromodel.perception,Class,zeromodel.perception.certification_gate,true
zeromodel-perception,zeromodel.perception,CertificationIntegrityAuditReportDTO,zeromodel.perception,Class,zeromodel.perception.certification_audit,true
zeromodel-perception,zeromodel.perception,CertificationIntegrityFindingDTO,zeromodel.perception,Class,zeromodel.perception.certification_audit,true
zeromodel-perception,zeromodel.perception,DATASET_MANIFEST_VERSION,zeromodel.perception,Constant,zeromodel.perception,false
zeromodel-perception,zeromodel.perception,DATASET_PARTITION_SEMANTICS,zeromodel.perception,Constant,zeromodel.perception,false
zeromodel-perception,zeromodel.perception,DATASET_PARTITION_VERSION,zeromodel.perception,Constant,zeromodel.perception,false
zeromodel-perception,zeromodel.perception,DIFFERENCE_SURFACE_SEMANTICS,zeromodel.perception,Constant,zeromodel.perception,false
zeromodel-perception,zeromodel.perception,DIRECTION_LABELS,zeromodel.perception,Constant,zeromodel.perception,false
zeromodel-perception,zeromodel.perception,DISCOVERY_VERSION,zeromodel.perception,Constant,zeromodel.perception,false
zeromodel-perception,zeromodel.perception,DISCREPANCY_VPM_VERSION,zeromodel.perception,Constant,zeromodel.perception,false
zeromodel-perception,zeromodel.perception,DISTANCE_SEMANTICS,zeromodel.perception,Constant,zeromodel.perception,false
zeromodel-perception,zeromodel.perception,DatasetFindingDTO,zeromodel.perception,Class,zeromodel.perception.dataset,true
zeromodel-perception,zeromodel.perception,DatasetPartitionDTO,zeromodel.perception,Class,zeromodel.perception.partitions,true
zeromodel-perception,zeromodel.perception,DiscreteActionSchemaDTO,zeromodel.perception,Class,zeromodel.perception.representation,true
zeromodel-perception,zeromodel.perception,EVIDENCE_RENDER_SEMANTICS,zeromodel.perception,Constant,zeromodel.perception,false
zeromodel-perception,zeromodel.perception,EVIDENCE_VPM_VERSION,zeromodel.perception,Constant,zeromodel.perception,false
zeromodel-perception,zeromodel.perception,EXECUTION_ATTEMPT_EVENT_KINDS,zeromodel.perception,Constant,zeromodel.perception,false
zeromodel-perception,zeromodel.perception,EXECUTION_ATTEMPT_EVENT_VERSION,zeromodel.perception,Constant,zeromodel.perception,false
zeromodel-perception,zeromodel.perception,EXECUTION_ATTEMPT_TERMINAL_KINDS,zeromodel.perception,Constant,zeromodel.perception,false
zeromodel-perception,zeromodel.perception,EXECUTION_ATTEMPT_VERSION,zeromodel.perception,Constant,zeromodel.perception,false
zeromodel-perception,zeromodel.perception,EXPECTATION_VERSION,zeromodel.perception,Constant,zeromodel.perception,false
zeromodel-perception,zeromodel.perception,EXPECTED_SURFACE_SEMANTICS,zeromodel.perception,Constant,zeromodel.perception,false
zeromodel-perception,zeromodel.perception,EvidenceConformanceFindingDTO,zeromodel.perception,Class,zeromodel.perception.expectations,true
zeromodel-perception,zeromodel.perception,EvidenceConformanceReportDTO,zeromodel.perception,Class,zeromodel.perception.expectations,true
zeromodel-perception,zeromodel.perception,EvidenceDiscoveryReportDTO,zeromodel.perception,Class,zeromodel.perception.discovery,true
zeromodel-perception,zeromodel.perception,EvidenceDiscrepancyVPMDTO,zeromodel.perception,Class,zeromodel.perception.discovery,true
zeromodel-perception,zeromodel.perception,EvidenceExpectationDTO,zeromodel.perception,Class,zeromodel.perception.expectations,true
zeromodel-perception,zeromodel.perception,EvidenceInterventionReportDTO,zeromodel.perception,Class,zeromodel.perception.weighted,true
zeromodel-perception,zeromodel.perception,EvidenceVPMDTO,zeromodel.perception,Class,zeromodel.perception.evidence,true
zeromodel-perception,zeromodel.perception,EvidenceWeightedModelDTO,zeromodel.perception,Class,zeromodel.perception.weighted,true
zeromodel-perception,zeromodel.perception,ExtractedFieldDTO,zeromodel.perception,Class,zeromodel.perception.fields,true
zeromodel-perception,zeromodel.perception,FIELD_RELEVANCE_SEMANTICS,zeromodel.perception,Constant,zeromodel.perception,false
zeromodel-perception,zeromodel.perception,FIELD_RELEVANCE_VERSION,zeromodel.perception,Constant,zeromodel.perception,false
zeromodel-perception,zeromodel.perception,FIELD_SAMPLE_VERSION,zeromodel.perception,Constant,zeromodel.perception,false
zeromodel-perception,zeromodel.perception,FIELD_SCHEMA_VERSION,zeromodel.perception,Constant,zeromodel.perception,false
zeromodel-perception,zeromodel.perception,FieldRelevanceDTO,zeromodel.perception,Class,zeromodel.perception.evidence,true
zeromodel-perception,zeromodel.perception,GOVERNANCE_AUDIT_FINDING_VERSION,zeromodel.perception,Constant,zeromodel.perception,false
zeromodel-perception,zeromodel.perception,GOVERNANCE_AUDIT_SEMANTICS,zeromodel.perception,Constant,zeromodel.perception,false
zeromodel-perception,zeromodel.perception,GOVERNANCE_AUDIT_SEVERITIES,zeromodel.perception,Constant,zeromodel.perception,false
zeromodel-perception,zeromodel.perception,GOVERNANCE_AUDIT_STATUSES,zeromodel.perception,Constant,zeromodel.perception,false
zeromodel-perception,zeromodel.perception,GOVERNANCE_AUDIT_VERSION,zeromodel.perception,Constant,zeromodel.perception,false
zeromodel-perception,zeromodel.perception,GOVERNANCE_CERTIFICATION_SEMANTICS,zeromodel.perception,Constant,zeromodel.perception,false
zeromodel-perception,zeromodel.perception,GOVERNANCE_CERTIFICATION_VERSION,zeromodel.perception,Constant,zeromodel.perception,false
zeromodel-perception,zeromodel.perception,GOVERNANCE_EXECUTION_GATE_MODES,zeromodel.perception,Constant,zeromodel.perception,false
zeromodel-perception,zeromodel.perception,GOVERNANCE_EXECUTION_GATE_SEMANTICS,zeromodel.perception,Constant,zeromodel.perception,false
zeromodel-perception,zeromodel.perception,GOVERNANCE_EXECUTION_GATE_VERSION,zeromodel.perception,Constant,zeromodel.perception,false
zeromodel-perception,zeromodel.perception,GOVERNANCE_EXECUTION_RECEIPT_VERSION,zeromodel.perception,Constant,zeromodel.perception,false
zeromodel-perception,zeromodel.perception,GOVERNED_EXECUTION_SEMANTICS,zeromodel.perception,Constant,zeromodel.perception,false
zeromodel-perception,zeromodel.perception,GovernanceExecutionCertificationBundleDTO,zeromodel.perception,Class,zeromodel.perception.sql_certification,true
zeromodel-perception,zeromodel.perception,GovernanceExecutionCertificationDTO,zeromodel.perception,Class,zeromodel.perception.sql_certification,true
zeromodel-perception,zeromodel.perception,GovernanceExecutionGateDTO,zeromodel.perception,Class,zeromodel.perception.governance_gate,true
zeromodel-perception,zeromodel.perception,GovernanceExecutionReceiptDTO,zeromodel.perception,Class,zeromodel.perception.sql_governance,true
zeromodel-perception,zeromodel.perception,GovernanceIntegrityAuditReportDTO,zeromodel.perception,Class,zeromodel.perception.governance_audit,true
zeromodel-perception,zeromodel.perception,GovernanceIntegrityFindingDTO,zeromodel.perception,Class,zeromodel.perception.governance_audit,true
zeromodel-perception,zeromodel.perception,GovernedExecutionAttemptDTO,zeromodel.perception,Class,zeromodel.perception.execution_journal,true
zeromodel-perception,zeromodel.perception,GovernedExecutionAttemptEventDTO,zeromodel.perception,Class,zeromodel.perception.execution_journal,true
zeromodel-perception,zeromodel.perception,HELD_OUT_TRANSITION_OBSERVATION_VERSION,zeromodel.perception,Constant,zeromodel.perception,false
zeromodel-perception,zeromodel.perception,HeldOutTransitionObservationDTO,zeromodel.perception,Class,zeromodel.perception.candidate_validation,true
zeromodel-perception,zeromodel.perception,INTERACTION_VERSION,zeromodel.perception,Constant,zeromodel.perception,false
zeromodel-perception,zeromodel.perception,INTERVENTION_REPORT_VERSION,zeromodel.perception,Constant,zeromodel.perception,false
zeromodel-perception,zeromodel.perception,InMemoryPerceptionDatasetStore,zeromodel.perception,Class,zeromodel.perception.dataset,true
zeromodel-perception,zeromodel.perception,InMemoryPerceptionModelLifecycleStore,zeromodel.perception,Class,zeromodel.perception.lifecycle,true
zeromodel-perception,zeromodel.perception,InMemoryPerceptionProductionLedgerStore,zeromodel.perception,Class,zeromodel.perception.production,true
zeromodel-perception,zeromodel.perception,InMemoryPromotionActivationStore,zeromodel.perception,Class,zeromodel.perception.promotion_activation,true
zeromodel-perception,zeromodel.perception,InterventionOutcomeDTO,zeromodel.perception,Class,zeromodel.perception.weighted,true
zeromodel-perception,zeromodel.perception,MATERIALIZED_PROMOTION_CHANGE_VERSION,zeromodel.perception,Constant,zeromodel.perception,false
zeromodel-perception,zeromodel.perception,MISSING_COMPONENT_CANDIDATE_VERSION,zeromodel.perception,Constant,zeromodel.perception,false
zeromodel-perception,zeromodel.perception,MISSING_COMPONENT_HYPOTHESIS_STATUS,zeromodel.perception,Constant,zeromodel.perception,false
zeromodel-perception,zeromodel.perception,MODEL_CALIBRATION_VERSION,zeromodel.perception,Constant,zeromodel.perception,false
zeromodel-perception,zeromodel.perception,MODEL_LEDGER_ENTRY_VERSION,zeromodel.perception,Constant,zeromodel.perception,false
zeromodel-perception,zeromodel.perception,MODEL_LEDGER_SEMANTICS,zeromodel.perception,Constant,zeromodel.perception,false
zeromodel-perception,zeromodel.perception,MODEL_LIFECYCLE_SNAPSHOT_VERSION,zeromodel.perception,Constant,zeromodel.perception,false
zeromodel-perception,zeromodel.perception,MODEL_PROMOTION_VERSION,zeromodel.perception,Constant,zeromodel.perception,false
zeromodel-perception,zeromodel.perception,MODEL_TRANSITION_KINDS,zeromodel.perception,Constant,zeromodel.perception,false
zeromodel-perception,zeromodel.perception,MODEL_TRANSITION_SEMANTICS,zeromodel.perception,Constant,zeromodel.perception,false
zeromodel-perception,zeromodel.perception,MODEL_TRANSITION_VERSION,zeromodel.perception,Constant,zeromodel.perception,false
zeromodel-perception,zeromodel.perception,MaterializedPromotionChangeDTO,zeromodel.perception,Class,zeromodel.perception.promotion_materialization,true
zeromodel-perception,zeromodel.perception,MissingComponentCandidateDTO,zeromodel.perception,Class,zeromodel.perception.transition_discovery,true
zeromodel-perception,zeromodel.perception,ModelCalibrationDTO,zeromodel.perception,Class,zeromodel.perception.promotion,true
zeromodel-perception,zeromodel.perception,ModelLifecycleSnapshotDTO,zeromodel.perception,Class,zeromodel.perception.lifecycle,true
zeromodel-perception,zeromodel.perception,ModelLifecycleTransitionDTO,zeromodel.perception,Class,zeromodel.perception.lifecycle,true
zeromodel-perception,zeromodel.perception,NeighborEvidenceDTO,zeromodel.perception,Class,zeromodel.perception.inference,true
zeromodel-perception,zeromodel.perception,OBSERVED_REGISTRATION_VERSION,zeromodel.perception,Constant,zeromodel.perception,false
zeromodel-perception,zeromodel.perception,OBSERVED_SURFACE_SEMANTICS,zeromodel.perception,Constant,zeromodel.perception,false
zeromodel-perception,zeromodel.perception,OPERATIONAL_DISPOSITION_SEMANTICS,zeromodel.perception,Constant,zeromodel.perception,false
zeromodel-perception,zeromodel.perception,OPERATIONAL_DISPOSITION_STATUSES,zeromodel.perception,Constant,zeromodel.perception,false
zeromodel-perception,zeromodel.perception,OPERATIONAL_DISPOSITION_VERSION,zeromodel.perception,Constant,zeromodel.perception,false
zeromodel-perception,zeromodel.perception,OPERATIONAL_DRIFT_POLICY_VERSION,zeromodel.perception,Constant,zeromodel.perception,false
zeromodel-perception,zeromodel.perception,OPERATIONAL_EVIDENCE_SEMANTICS,zeromodel.perception,Constant,zeromodel.perception,false
zeromodel-perception,zeromodel.perception,OPERATIONAL_HEALTH_FINDING_VERSION,zeromodel.perception,Constant,zeromodel.perception,false
zeromodel-perception,zeromodel.perception,OPERATIONAL_HEALTH_METRICS,zeromodel.perception,Constant,zeromodel.perception,false
zeromodel-perception,zeromodel.perception,OPERATIONAL_HEALTH_REPORT_VERSION,zeromodel.perception,Constant,zeromodel.perception,false
zeromodel-perception,zeromodel.perception,OPERATIONAL_HEALTH_SEMANTICS,zeromodel.perception,Constant,zeromodel.perception,false
zeromodel-perception,zeromodel.perception,OPERATIONAL_HEALTH_STATUSES,zeromodel.perception,Constant,zeromodel.perception,false
zeromodel-perception,zeromodel.perception,OPERATIONAL_RECOMMENDATION_SEMANTICS,zeromodel.perception,Constant,zeromodel.perception,false
zeromodel-perception,zeromodel.perception,OPERATIONAL_RECOMMENDATION_STATUSES,zeromodel.perception,Constant,zeromodel.perception,false
zeromodel-perception,zeromodel.perception,OPERATIONAL_RECOMMENDATION_VERSION,zeromodel.perception,Constant,zeromodel.perception,false
zeromodel-perception,zeromodel.perception,OPERATIONAL_REFERENCE_PROFILE_VERSION,zeromodel.perception,Constant,zeromodel.perception,false
zeromodel-perception,zeromodel.perception,OPERATIONAL_REFERENCE_SEMANTICS,zeromodel.perception,Constant,zeromodel.perception,false
zeromodel-perception,zeromodel.perception,ObservedAnnotationRegistrationDTO,zeromodel.perception,Class,zeromodel.perception.expectations,true
zeromodel-perception,zeromodel.perception,OperationalDriftPolicyDTO,zeromodel.perception,Class,zeromodel.perception.gated_health,true
zeromodel-perception,zeromodel.perception,OperationalHealthFindingDTO,zeromodel.perception,Class,zeromodel.perception.health,true
zeromodel-perception,zeromodel.perception,OperationalHealthReportDTO,zeromodel.perception,Class,zeromodel.perception.health,true
zeromodel-perception,zeromodel.perception,OperationalRecommendationDTO,zeromodel.perception,Class,zeromodel.perception.recommendation,true
zeromodel-perception,zeromodel.perception,OperationalRecommendationDispositionDTO,zeromodel.perception,Class,zeromodel.perception.disposition,true
zeromodel-perception,zeromodel.perception,OperationalReferenceProfileDTO,zeromodel.perception,Class,zeromodel.perception.health,true
zeromodel-perception,zeromodel.perception,PARTITION_GOVERNANCE_SEMANTICS,zeromodel.perception,Constant,zeromodel.perception,false
zeromodel-perception,zeromodel.perception,PARTITION_OWNED_COMPARISON_VERSION,zeromodel.perception,Constant,zeromodel.perception,false
zeromodel-perception,zeromodel.perception,PARTITION_OWNED_TEST_VERSION,zeromodel.perception,Constant,zeromodel.perception,false
zeromodel-perception,zeromodel.perception,PERCEPTION_PACKAGE_VERSION,zeromodel.perception,Constant,zeromodel.perception,false
zeromodel-perception,zeromodel.perception,PERCEPTION_STAGE,zeromodel.perception,Constant,zeromodel.perception,false
zeromodel-perception,zeromodel.perception,PREDICTION_VERSION,zeromodel.perception,Constant,zeromodel.perception,false
zeromodel-perception,zeromodel.perception,PRODUCTION_INFERENCE_RECORD_VERSION,zeromodel.perception,Constant,zeromodel.perception,false
zeromodel-perception,zeromodel.perception,PRODUCTION_INFERENCE_SEMANTICS,zeromodel.perception,Constant,zeromodel.perception,false
zeromodel-perception,zeromodel.perception,PRODUCTION_METRICS_REPORT_VERSION,zeromodel.perception,Constant,zeromodel.perception,false
zeromodel-perception,zeromodel.perception,PRODUCTION_METRICS_SEMANTICS,zeromodel.perception,Constant,zeromodel.perception,false
zeromodel-perception,zeromodel.perception,PRODUCTION_OUTCOME_RECORD_VERSION,zeromodel.perception,Constant,zeromodel.perception,false
zeromodel-perception,zeromodel.perception,PRODUCTION_OUTCOME_SEMANTICS,zeromodel.perception,Constant,zeromodel.perception,false
zeromodel-perception,zeromodel.perception,PROMOTED_INFERENCE_SEMANTICS,zeromodel.perception,Constant,zeromodel.perception,false
zeromodel-perception,zeromodel.perception,PROMOTED_INFERENCE_VERSION,zeromodel.perception,Constant,zeromodel.perception,false
zeromodel-perception,zeromodel.perception,PROMOTED_MODEL_KINDS,zeromodel.perception,Constant,zeromodel.perception,false
zeromodel-perception,zeromodel.perception,PROMOTED_TEST_EVALUATION_SEMANTICS,zeromodel.perception,Constant,zeromodel.perception,false
zeromodel-perception,zeromodel.perception,PROMOTED_TEST_EVALUATION_VERSION,zeromodel.perception,Constant,zeromodel.perception,false
zeromodel-perception,zeromodel.perception,PROMOTION_ACTIVATION_ADMISSION_STATUS,zeromodel.perception,Constant,zeromodel.perception,false
zeromodel-perception,zeromodel.perception,PROMOTION_ACTIVATION_ADMISSION_VERSION,zeromodel.perception,Constant,zeromodel.perception,false
zeromodel-perception,zeromodel.perception,PROMOTION_ACTIVATION_AUDIT_FINDING_VERSION,zeromodel.perception,Constant,zeromodel.perception,false
zeromodel-perception,zeromodel.perception,PROMOTION_ACTIVATION_AUDIT_REPORT_VERSION,zeromodel.perception,Constant,zeromodel.perception,false
zeromodel-perception,zeromodel.perception,PROMOTION_ACTIVATION_AUDIT_STATUSES,zeromodel.perception,Constant,zeromodel.perception,false
zeromodel-perception,zeromodel.perception,PROMOTION_ACTIVATION_BUNDLE_VERSION,zeromodel.perception,Constant,zeromodel.perception,false
zeromodel-perception,zeromodel.perception,PROMOTION_ACTIVATION_FINDING_SEVERITIES,zeromodel.perception,Constant,zeromodel.perception,false
zeromodel-perception,zeromodel.perception,PROMOTION_ACTIVATION_POLICY_VERSION,zeromodel.perception,Constant,zeromodel.perception,false
zeromodel-perception,zeromodel.perception,PROMOTION_ACTIVATION_RECEIPT_STATUS,zeromodel.perception,Constant,zeromodel.perception,false
zeromodel-perception,zeromodel.perception,PROMOTION_ACTIVATION_RECEIPT_VERSION,zeromodel.perception,Constant,zeromodel.perception,false
zeromodel-perception,zeromodel.perception,PROMOTION_ACTIVATION_SEMANTICS,zeromodel.perception,Constant,zeromodel.perception,false
zeromodel-perception,zeromodel.perception,PROMOTION_ACTIVATION_STORE_VERSION,zeromodel.perception,Constant,zeromodel.perception,false
zeromodel-perception,zeromodel.perception,PROMOTION_ACTIVE_STATE_VERSION,zeromodel.perception,Constant,zeromodel.perception,false
zeromodel-perception,zeromodel.perception,PROMOTION_DECISION_VERSION,zeromodel.perception,Constant,zeromodel.perception,false
zeromodel-perception,zeromodel.perception,PROMOTION_MATERIALIZATION_ACTIVATION_STATUS,zeromodel.perception,Constant,zeromodel.perception,false
zeromodel-perception,zeromodel.perception,PROMOTION_MATERIALIZATION_BASELINE_VERSION,zeromodel.perception,Constant,zeromodel.perception,false
zeromodel-perception,zeromodel.perception,PROMOTION_MATERIALIZATION_CHANGE_SET_STATUSES,zeromodel.perception,Constant,zeromodel.perception,false
zeromodel-perception,zeromodel.perception,PROMOTION_MATERIALIZATION_CHANGE_SET_VERSION,zeromodel.perception,Constant,zeromodel.perception,false
zeromodel-perception,zeromodel.perception,PROMOTION_MATERIALIZATION_DIRECTIONS,zeromodel.perception,Constant,zeromodel.perception,false
zeromodel-perception,zeromodel.perception,PROMOTION_MATERIALIZATION_DIRECTIVE_VERSION,zeromodel.perception,Constant,zeromodel.perception,false
zeromodel-perception,zeromodel.perception,PROMOTION_MATERIALIZATION_ITEM_STATUS,zeromodel.perception,Constant,zeromodel.perception,false
zeromodel-perception,zeromodel.perception,PROMOTION_MATERIALIZATION_OBJECT_KINDS,zeromodel.perception,Constant,zeromodel.perception,false
zeromodel-perception,zeromodel.perception,PROMOTION_MATERIALIZATION_OPERATION_ACTIONS,zeromodel.perception,Constant,zeromodel.perception,false
zeromodel-perception,zeromodel.perception,PROMOTION_MATERIALIZATION_OPERATION_VERSION,zeromodel.perception,Constant,zeromodel.perception,false
zeromodel-perception,zeromodel.perception,PROMOTION_MATERIALIZATION_SEMANTICS,zeromodel.perception,Constant,zeromodel.perception,false
zeromodel-perception,zeromodel.perception,PROMOTION_MATERIALIZATION_TARGET_KINDS,zeromodel.perception,Constant,zeromodel.perception,false
zeromodel-perception,zeromodel.perception,PROMOTION_POLICY_VERSION,zeromodel.perception,Constant,zeromodel.perception,false
zeromodel-perception,zeromodel.perception,PROMOTION_ROLLBACK_ADMISSION_VERSION,zeromodel.perception,Constant,zeromodel.perception,false
zeromodel-perception,zeromodel.perception,PROMOTION_ROLLBACK_AUDIT_REPORT_VERSION,zeromodel.perception,Constant,zeromodel.perception,false
zeromodel-perception,zeromodel.perception,PROMOTION_ROLLBACK_BUNDLE_VERSION,zeromodel.perception,Constant,zeromodel.perception,false
zeromodel-perception,zeromodel.perception,PROMOTION_ROLLBACK_PLAN_STATUS,zeromodel.perception,Constant,zeromodel.perception,false
zeromodel-perception,zeromodel.perception,PROMOTION_ROLLBACK_PLAN_STATUSES,zeromodel.perception,Constant,zeromodel.perception,false
zeromodel-perception,zeromodel.perception,PROMOTION_ROLLBACK_PLAN_VERSION,zeromodel.perception,Constant,zeromodel.perception,false
zeromodel-perception,zeromodel.perception,PROMOTION_ROLLBACK_POLICY_VERSION,zeromodel.perception,Constant,zeromodel.perception,false
zeromodel-perception,zeromodel.perception,PROMOTION_ROLLBACK_RECEIPT_STATUS,zeromodel.perception,Constant,zeromodel.perception,false
zeromodel-perception,zeromodel.perception,PROMOTION_ROLLBACK_RECEIPT_VERSION,zeromodel.perception,Constant,zeromodel.perception,false
zeromodel-perception,zeromodel.perception,PROMOTION_ROLLBACK_REQUEST_VERSION,zeromodel.perception,Constant,zeromodel.perception,false
zeromodel-perception,zeromodel.perception,PROMOTION_SEMANTICS,zeromodel.perception,Constant,zeromodel.perception,false
zeromodel-perception,zeromodel.perception,PROMOTION_SQLITE_ACTIVATION_SCHEMA_VERSION,zeromodel.perception,Constant,zeromodel.perception,false
zeromodel-perception,zeromodel.perception,PROPOSED_CHANGE_KINDS,zeromodel.perception,Constant,zeromodel.perception,false
zeromodel-perception,zeromodel.perception,PartitionOwnedComparisonReportDTO,zeromodel.perception,Class,zeromodel.perception.partitioned_governance,true
zeromodel-perception,zeromodel.perception,PartitionOwnedTestEvaluationReportDTO,zeromodel.perception,Class,zeromodel.perception.partitioned_governance,true
zeromodel-perception,zeromodel.perception,PerceptionCandidatePromotionError,zeromodel.perception,Class,zeromodel.perception.candidate_promotion,true
zeromodel-perception,zeromodel.perception,PerceptionCandidateValidationError,zeromodel.perception,Class,zeromodel.perception.candidate_validation,true
zeromodel-perception,zeromodel.perception,PerceptionCertificationAuditError,zeromodel.perception,Class,zeromodel.perception.certification_audit,true
zeromodel-perception,zeromodel.perception,PerceptionCertificationExecutionGateError,zeromodel.perception,Class,zeromodel.perception.certification_gate,true
zeromodel-perception,zeromodel.perception,PerceptionConformanceError,zeromodel.perception,Class,zeromodel.perception.expectations,true
zeromodel-perception,zeromodel.perception,PerceptionDatasetError,zeromodel.perception,Class,zeromodel.perception.dataset,true
zeromodel-perception,zeromodel.perception,PerceptionDatasetManifestDTO,zeromodel.perception,Class,zeromodel.perception.dataset,true
zeromodel-perception,zeromodel.perception,PerceptionDatasetPartitionError,zeromodel.perception,Class,zeromodel.perception.partitions,true
zeromodel-perception,zeromodel.perception,PerceptionDatasetStore,zeromodel.perception,Class,zeromodel.perception.dataset,true
zeromodel-perception,zeromodel.perception,PerceptionDiscoveryError,zeromodel.perception,Class,zeromodel.perception.discovery,true
zeromodel-perception,zeromodel.perception,PerceptionEvidenceError,zeromodel.perception,Class,zeromodel.perception.evidence,true
zeromodel-perception,zeromodel.perception,PerceptionExecutionJournalError,zeromodel.perception,Class,zeromodel.perception.execution_journal,true
zeromodel-perception,zeromodel.perception,PerceptionFieldError,zeromodel.perception,Class,zeromodel.perception.fields,true
zeromodel-perception,zeromodel.perception,PerceptionGovernanceAuditError,zeromodel.perception,Class,zeromodel.perception.governance_audit,true
zeromodel-perception,zeromodel.perception,PerceptionGovernanceExecutionGateError,zeromodel.perception,Class,zeromodel.perception.governance_gate,true
zeromodel-perception,zeromodel.perception,PerceptionGovernedExecutionError,zeromodel.perception,Class,zeromodel.perception.governed_execution,true
zeromodel-perception,zeromodel.perception,PerceptionInferenceError,zeromodel.perception,Class,zeromodel.perception.inference,true
zeromodel-perception,zeromodel.perception,PerceptionModelLifecycleError,zeromodel.perception,Class,zeromodel.perception.lifecycle,true
zeromodel-perception,zeromodel.perception,PerceptionModelLifecycleStore,zeromodel.perception,Class,zeromodel.perception.lifecycle,true
zeromodel-perception,zeromodel.perception,PerceptionOperationalDispositionError,zeromodel.perception,Class,zeromodel.perception.disposition,true
zeromodel-perception,zeromodel.perception,PerceptionOperationalHealthError,zeromodel.perception,Class,zeromodel.perception.health,true
zeromodel-perception,zeromodel.perception,PerceptionOperationalRecommendationError,zeromodel.perception,Class,zeromodel.perception.recommendation,true
zeromodel-perception,zeromodel.perception,PerceptionPartitionGovernanceError,zeromodel.perception,Class,zeromodel.perception.partitioned_governance,true
zeromodel-perception,zeromodel.perception,PerceptionProductionLedgerError,zeromodel.perception,Class,zeromodel.perception.production,true
zeromodel-perception,zeromodel.perception,PerceptionProductionLedgerStore,zeromodel.perception,Class,zeromodel.perception.production,true
zeromodel-perception,zeromodel.perception,PerceptionPromotedInferenceError,zeromodel.perception,Class,zeromodel.perception.promoted_inference,true
zeromodel-perception,zeromodel.perception,PerceptionPromotionActivationError,zeromodel.perception,Class,zeromodel.perception.promotion_activation,true
zeromodel-perception,zeromodel.perception,PerceptionPromotionError,zeromodel.perception,Class,zeromodel.perception.promotion,true
zeromodel-perception,zeromodel.perception,PerceptionPromotionMaterializationError,zeromodel.perception,Class,zeromodel.perception.promotion_materialization,true
zeromodel-perception,zeromodel.perception,PerceptionRegionAnnotationDTO,zeromodel.perception,Class,zeromodel.perception.expectations,true
zeromodel-perception,zeromodel.perception,PerceptionRepresentationError,zeromodel.perception,Class,zeromodel.perception.representation,true
zeromodel-perception,zeromodel.perception,PerceptionSqlAdmissionError,zeromodel.perception,Class,zeromodel.perception.sql_admission,true
zeromodel-perception,zeromodel.perception,PerceptionSqlCertificationError,zeromodel.perception,Class,zeromodel.perception.sql_certification,true
zeromodel-perception,zeromodel.perception,PerceptionSqlGovernanceError,zeromodel.perception,Class,zeromodel.perception.sql_governance,true
zeromodel-perception,zeromodel.perception,PerceptionSqlLifecycleError,zeromodel.perception,Class,zeromodel.perception.sql_lifecycle,true
zeromodel-perception,zeromodel.perception,PerceptionSqlProductionError,zeromodel.perception,Class,zeromodel.perception.sql_production,true
zeromodel-perception,zeromodel.perception,PerceptionTemporalError,zeromodel.perception,Class,zeromodel.perception.temporal,true
zeromodel-perception,zeromodel.perception,PerceptionTemporalInferenceError,zeromodel.perception,Class,zeromodel.perception.temporal_inference,true
zeromodel-perception,zeromodel.perception,PerceptionTransitionConformanceError,zeromodel.perception,Class,zeromodel.perception.transition_conformance,true
zeromodel-perception,zeromodel.perception,PerceptionTransitionDiscoveryError,zeromodel.perception,Class,zeromodel.perception.transition_discovery,true
zeromodel-perception,zeromodel.perception,PerceptionTransitionEvidenceError,zeromodel.perception,Class,zeromodel.perception.transition_evidence,true
zeromodel-perception,zeromodel.perception,PerceptionTranslatorError,zeromodel.perception,Class,zeromodel.perception.translator,true
zeromodel-perception,zeromodel.perception,PerceptionTranslatorEvaluationError,zeromodel.perception,Class,zeromodel.perception.translator_evaluation,true
zeromodel-perception,zeromodel.perception,PerceptionWeightedInferenceError,zeromodel.perception,Class,zeromodel.perception.weighted,true
zeromodel-perception,zeromodel.perception,PredictedTargetVPMDTO,zeromodel.perception,Class,zeromodel.perception.translator,true
zeromodel-perception,zeromodel.perception,ProductionInferenceRecordDTO,zeromodel.perception,Class,zeromodel.perception.production,true
zeromodel-perception,zeromodel.perception,ProductionMetricsReportDTO,zeromodel.perception,Class,zeromodel.perception.production,true
zeromodel-perception,zeromodel.perception,ProductionOutcomeRecordDTO,zeromodel.perception,Class,zeromodel.perception.production,true
zeromodel-perception,zeromodel.perception,PromotedInferenceResultDTO,zeromodel.perception,Class,zeromodel.perception.promoted_inference,true
zeromodel-perception,zeromodel.perception,PromotedModelLedgerEntryDTO,zeromodel.perception,Class,zeromodel.perception.lifecycle,true
zeromodel-perception,zeromodel.perception,PromotedPerceptionModelDTO,zeromodel.perception,Class,zeromodel.perception.promotion,true
zeromodel-perception,zeromodel.perception,PromotedTestEvaluationReportDTO,zeromodel.perception,Class,zeromodel.perception.promoted_inference,true
zeromodel-perception,zeromodel.perception,PromotedTestExampleDTO,zeromodel.perception,Class,zeromodel.perception.promoted_inference,true
zeromodel-perception,zeromodel.perception,PromotionActivationAdmissionDTO,zeromodel.perception,Class,zeromodel.perception.promotion_activation,true
zeromodel-perception,zeromodel.perception,PromotionActivationAuditFindingDTO,zeromodel.perception,Class,zeromodel.perception.promotion_activation,true
zeromodel-perception,zeromodel.perception,PromotionActivationAuditReportDTO,zeromodel.perception,Class,zeromodel.perception.promotion_activation,true
zeromodel-perception,zeromodel.perception,PromotionActivationBundleDTO,zeromodel.perception,Class,zeromodel.perception.promotion_activation,true
zeromodel-perception,zeromodel.perception,PromotionActivationPolicyDTO,zeromodel.perception,Class,zeromodel.perception.promotion_activation,true
zeromodel-perception,zeromodel.perception,PromotionActivationReceiptDTO,zeromodel.perception,Class,zeromodel.perception.promotion_activation,true
zeromodel-perception,zeromodel.perception,PromotionActivationStore,zeromodel.perception,Class,zeromodel.perception.promotion_activation,true
zeromodel-perception,zeromodel.perception,PromotionDecisionDTO,zeromodel.perception,Class,zeromodel.perception.promotion,true
zeromodel-perception,zeromodel.perception,PromotionMaterializationBaselineDTO,zeromodel.perception,Class,zeromodel.perception.promotion_materialization,true
zeromodel-perception,zeromodel.perception,PromotionMaterializationChangeSetDTO,zeromodel.perception,Class,zeromodel.perception.promotion_materialization,true
zeromodel-perception,zeromodel.perception,PromotionMaterializationDirectiveDTO,zeromodel.perception,Class,zeromodel.perception.promotion_materialization,true
zeromodel-perception,zeromodel.perception,PromotionMaterializationOperationDTO,zeromodel.perception,Class,zeromodel.perception.promotion_materialization,true
zeromodel-perception,zeromodel.perception,PromotionPolicyDTO,zeromodel.perception,Class,zeromodel.perception.promotion,true
zeromodel-perception,zeromodel.perception,PromotionRollbackAdmissionDTO,zeromodel.perception,Class,zeromodel.perception.promotion_activation,true
zeromodel-perception,zeromodel.perception,PromotionRollbackAuditDTO,zeromodel.perception,Class,zeromodel.perception.promotion_activation,true
zeromodel-perception,zeromodel.perception,PromotionRollbackBundleDTO,zeromodel.perception,Class,zeromodel.perception.promotion_activation,true
zeromodel-perception,zeromodel.perception,PromotionRollbackPlanDTO,zeromodel.perception,Class,zeromodel.perception.promotion_activation,true
zeromodel-perception,zeromodel.perception,PromotionRollbackPolicyDTO,zeromodel.perception,Class,zeromodel.perception.promotion_activation,true
zeromodel-perception,zeromodel.perception,PromotionRollbackReceiptDTO,zeromodel.perception,Class,zeromodel.perception.promotion_activation,true
zeromodel-perception,zeromodel.perception,PromotionRollbackRequestDTO,zeromodel.perception,Class,zeromodel.perception.promotion_activation,true
zeromodel-perception,zeromodel.perception,RECONSTRUCTION_ERROR_SEMANTICS,zeromodel.perception,Constant,zeromodel.perception,false
zeromodel-perception,zeromodel.perception,RECURRENT_UNEXPLAINED_STATISTIC_KINDS,zeromodel.perception,Constant,zeromodel.perception,false
zeromodel-perception,zeromodel.perception,RECURRENT_UNEXPLAINED_STATISTIC_VERSION,zeromodel.perception,Constant,zeromodel.perception,false
zeromodel-perception,zeromodel.perception,REGISTRATION_SEMANTICS,zeromodel.perception,Constant,zeromodel.perception,false
zeromodel-perception,zeromodel.perception,REJECTED_TRANSLATOR_PREDICTION_VERSION,zeromodel.perception,Constant,zeromodel.perception,false
zeromodel-perception,zeromodel.perception,REJECTION_SEMANTICS,zeromodel.perception,Constant,zeromodel.perception,false
zeromodel-perception,zeromodel.perception,RELATION_ANNOTATION_VERSION,zeromodel.perception,Constant,zeromodel.perception,false
zeromodel-perception,zeromodel.perception,RecordedInteractionDTO,zeromodel.perception,Class,zeromodel.perception.dataset,true
zeromodel-perception,zeromodel.perception,RecurrentUnexplainedStatisticDTO,zeromodel.perception,Class,zeromodel.perception.transition_discovery,true
zeromodel-perception,zeromodel.perception,RelationAnnotationDTO,zeromodel.perception,Class,zeromodel.perception.expectations,true
zeromodel-perception,zeromodel.perception,SOURCE_ENCODER_VERSION,zeromodel.perception,Constant,zeromodel.perception,false
zeromodel-perception,zeromodel.perception,SOURCE_FEATURE_SEMANTICS,zeromodel.perception,Constant,zeromodel.perception,false
zeromodel-perception,zeromodel.perception,SPARSITY_SEMANTICS,zeromodel.perception,Constant,zeromodel.perception,false
zeromodel-perception,zeromodel.perception,SPLIT_ASSIGNMENT_VERSION,zeromodel.perception,Constant,zeromodel.perception,false
zeromodel-perception,zeromodel.perception,SQL_ADMISSION_SCHEMA_VERSION,zeromodel.perception,Constant,zeromodel.perception,false
zeromodel-perception,zeromodel.perception,SQL_ADMISSION_STORE_VERSION,zeromodel.perception,Constant,zeromodel.perception,false
zeromodel-perception,zeromodel.perception,SQL_CERTIFICATION_SCHEMA_VERSION,zeromodel.perception,Constant,zeromodel.perception,false
zeromodel-perception,zeromodel.perception,SQL_CERTIFICATION_STORE_VERSION,zeromodel.perception,Constant,zeromodel.perception,false
zeromodel-perception,zeromodel.perception,SQL_EXECUTION_JOURNAL_SCHEMA_VERSION,zeromodel.perception,Constant,zeromodel.perception,false
zeromodel-perception,zeromodel.perception,SQL_GOVERNANCE_SCHEMA_VERSION,zeromodel.perception,Constant,zeromodel.perception,false
zeromodel-perception,zeromodel.perception,SQL_GOVERNANCE_STORE_VERSION,zeromodel.perception,Constant,zeromodel.perception,false
zeromodel-perception,zeromodel.perception,SQL_LIFECYCLE_SCHEMA_VERSION,zeromodel.perception,Constant,zeromodel.perception,false
zeromodel-perception,zeromodel.perception,SQL_LIFECYCLE_SEMANTICS,zeromodel.perception,Constant,zeromodel.perception,false
zeromodel-perception,zeromodel.perception,SQL_LIFECYCLE_STORE_VERSION,zeromodel.perception,Constant,zeromodel.perception,false
zeromodel-perception,zeromodel.perception,SQL_PRODUCTION_SCHEMA_VERSION,zeromodel.perception,Constant,zeromodel.perception,false
zeromodel-perception,zeromodel.perception,SQL_PRODUCTION_SEMANTICS,zeromodel.perception,Constant,zeromodel.perception,false
zeromodel-perception,zeromodel.perception,SQL_PRODUCTION_STORE_VERSION,zeromodel.perception,Constant,zeromodel.perception,false
zeromodel-perception,zeromodel.perception,SourceImageEncoderSpecDTO,zeromodel.perception,Class,zeromodel.perception.representation,true
zeromodel-perception,zeromodel.perception,SourceTargetTranslatorDTO,zeromodel.perception,Class,zeromodel.perception.translator,true
zeromodel-perception,zeromodel.perception,SourceVPMDTO,zeromodel.perception,Class,zeromodel.perception.representation,true
zeromodel-perception,zeromodel.perception,SplitAssignmentDTO,zeromodel.perception,Class,zeromodel.perception.dataset,true
zeromodel-perception,zeromodel.perception,SqliteCertificationExecutionAdmissionStore,zeromodel.perception,Class,zeromodel.perception.sql_admission,true
zeromodel-perception,zeromodel.perception,SqliteGovernanceCertificationStore,zeromodel.perception,Class,zeromodel.perception.sql_certification,true
zeromodel-perception,zeromodel.perception,SqliteGovernedExecutionAttemptStore,zeromodel.perception,Class,zeromodel.perception.execution_journal,true
zeromodel-perception,zeromodel.perception,SqlitePerceptionGovernanceLedgerStore,zeromodel.perception,Class,zeromodel.perception.sql_governance,true
zeromodel-perception,zeromodel.perception,SqlitePerceptionModelLifecycleStore,zeromodel.perception,Class,zeromodel.perception.sql_lifecycle,true
zeromodel-perception,zeromodel.perception,SqlitePerceptionProductionLedgerStore,zeromodel.perception,Class,zeromodel.perception.sql_production,true
zeromodel-perception,zeromodel.perception,SqlitePromotionActivationStore,zeromodel.perception,Class,zeromodel.perception.promotion_activation,true
zeromodel-perception,zeromodel.perception,TARGET_ENCODER_VERSION,zeromodel.perception,Constant,zeromodel.perception,false
zeromodel-perception,zeromodel.perception,TARGET_SCORE_SEMANTICS,zeromodel.perception,Constant,zeromodel.perception,false
zeromodel-perception,zeromodel.perception,TEMPORAL_COMPARISON_SEMANTICS,zeromodel.perception,Constant,zeromodel.perception,false
zeromodel-perception,zeromodel.perception,TEMPORAL_COMPARISON_VERSION,zeromodel.perception,Constant,zeromodel.perception,false
zeromodel-perception,zeromodel.perception,TEMPORAL_DIAGNOSIS_SEMANTICS,zeromodel.perception,Constant,zeromodel.perception,false
zeromodel-perception,zeromodel.perception,TEMPORAL_DIAGNOSIS_STATUSES,zeromodel.perception,Constant,zeromodel.perception,false
zeromodel-perception,zeromodel.perception,TEMPORAL_DIAGNOSIS_VERSION,zeromodel.perception,Constant,zeromodel.perception,false
zeromodel-perception,zeromodel.perception,TEMPORAL_FEATURE_SEMANTICS,zeromodel.perception,Constant,zeromodel.perception,false
zeromodel-perception,zeromodel.perception,TEMPORAL_LAYOUT_SEMANTICS,zeromodel.perception,Constant,zeromodel.perception,false
zeromodel-perception,zeromodel.perception,TEMPORAL_PREDICTION_VERSION,zeromodel.perception,Constant,zeromodel.perception,false
zeromodel-perception,zeromodel.perception,TEMPORAL_REJECTION_SEMANTICS,zeromodel.perception,Constant,zeromodel.perception,false
zeromodel-perception,zeromodel.perception,TEMPORAL_SOURCE_VERSION,zeromodel.perception,Constant,zeromodel.perception,false
zeromodel-perception,zeromodel.perception,TEMPORAL_TRANSLATOR_VERSION,zeromodel.perception,Constant,zeromodel.perception,false
zeromodel-perception,zeromodel.perception,TEMPORAL_WINDOW_SPEC_VERSION,zeromodel.perception,Constant,zeromodel.perception,false
zeromodel-perception,zeromodel.perception,TRANSITION_CHANGED_FRACTION_SEMANTICS,zeromodel.perception,Constant,zeromodel.perception,false
zeromodel-perception,zeromodel.perception,TRANSITION_CHANGE_SEMANTICS,zeromodel.perception,Constant,zeromodel.perception,false
zeromodel-perception,zeromodel.perception,TRANSITION_CONFORMANCE_FINDING_VERSION,zeromodel.perception,Constant,zeromodel.perception,false
zeromodel-perception,zeromodel.perception,TRANSITION_CONFORMANCE_REPORT_STATUSES,zeromodel.perception,Constant,zeromodel.perception,false
zeromodel-perception,zeromodel.perception,TRANSITION_CONFORMANCE_REPORT_VERSION,zeromodel.perception,Constant,zeromodel.perception,false
zeromodel-perception,zeromodel.perception,TRANSITION_CONFORMANCE_SEMANTICS,zeromodel.perception,Constant,zeromodel.perception,false
zeromodel-perception,zeromodel.perception,TRANSITION_CONFORMANCE_STATUSES,zeromodel.perception,Constant,zeromodel.perception,false
zeromodel-perception,zeromodel.perception,TRANSITION_DISCOVERY_OBSERVATION_VERSION,zeromodel.perception,Constant,zeromodel.perception,false
zeromodel-perception,zeromodel.perception,TRANSITION_DISCOVERY_POLICY_VERSION,zeromodel.perception,Constant,zeromodel.perception,false
zeromodel-perception,zeromodel.perception,TRANSITION_DISCOVERY_REPORT_STATUSES,zeromodel.perception,Constant,zeromodel.perception,false
zeromodel-perception,zeromodel.perception,TRANSITION_DISCOVERY_REPORT_VERSION,zeromodel.perception,Constant,zeromodel.perception,false
zeromodel-perception,zeromodel.perception,TRANSITION_DISCOVERY_SEMANTICS,zeromodel.perception,Constant,zeromodel.perception,false
zeromodel-perception,zeromodel.perception,TRANSITION_EVIDENCE_VPM_VERSION,zeromodel.perception,Constant,zeromodel.perception,false
zeromodel-perception,zeromodel.perception,TRANSITION_EXPECTATION_VERSION,zeromodel.perception,Constant,zeromodel.perception,false
zeromodel-perception,zeromodel.perception,TRANSITION_EXPECTED_CHANGE_KINDS,zeromodel.perception,Constant,zeromodel.perception,false
zeromodel-perception,zeromodel.perception,TRANSITION_FIELD_EVIDENCE_VERSION,zeromodel.perception,Constant,zeromodel.perception,false
zeromodel-perception,zeromodel.perception,TRANSITION_RENDER_SEMANTICS,zeromodel.perception,Constant,zeromodel.perception,false
zeromodel-perception,zeromodel.perception,TRANSITION_SIGNED_CHANGE_SEMANTICS,zeromodel.perception,Constant,zeromodel.perception,false
zeromodel-perception,zeromodel.perception,TRANSLATOR_CALIBRATION_VERSION,zeromodel.perception,Constant,zeromodel.perception,false
zeromodel-perception,zeromodel.perception,TRANSLATOR_EVALUATION_VERSION,zeromodel.perception,Constant,zeromodel.perception,false
zeromodel-perception,zeromodel.perception,TRANSLATOR_PREDICTION_VERSION,zeromodel.perception,Constant,zeromodel.perception,false
zeromodel-perception,zeromodel.perception,TRANSLATOR_VERSION,zeromodel.perception,Constant,zeromodel.perception,false
zeromodel-perception,zeromodel.perception,TargetActionScoreDTO,zeromodel.perception,Class,zeromodel.perception.translator,true
zeromodel-perception,zeromodel.perception,TargetVPMDTO,zeromodel.perception,Class,zeromodel.perception.representation,true
zeromodel-perception,zeromodel.perception,TemporalComparisonExampleDTO,zeromodel.perception,Class,zeromodel.perception.temporal_inference,true
zeromodel-perception,zeromodel.perception,TemporalConflictGroupDTO,zeromodel.perception,Class,zeromodel.perception.temporal,true
zeromodel-perception,zeromodel.perception,TemporalInferenceComparisonReportDTO,zeromodel.perception,Class,zeromodel.perception.temporal_inference,true
zeromodel-perception,zeromodel.perception,TemporalPredictionDTO,zeromodel.perception,Class,zeromodel.perception.temporal_inference,true
zeromodel-perception,zeromodel.perception,TemporalSourceVPMDTO,zeromodel.perception,Class,zeromodel.perception.temporal,true
zeromodel-perception,zeromodel.perception,TemporalStateDiagnosisReportDTO,zeromodel.perception,Class,zeromodel.perception.temporal,true
zeromodel-perception,zeromodel.perception,TemporalTranslatorDTO,zeromodel.perception,Class,zeromodel.perception.temporal_inference,true
zeromodel-perception,zeromodel.perception,TemporalWindowSpecDTO,zeromodel.perception,Class,zeromodel.perception.temporal,true
zeromodel-perception,zeromodel.perception,TransitionConformanceFindingDTO,zeromodel.perception,Class,zeromodel.perception.transition_conformance,true
zeromodel-perception,zeromodel.perception,TransitionConformanceReportDTO,zeromodel.perception,Class,zeromodel.perception.transition_conformance,true
zeromodel-perception,zeromodel.perception,TransitionDiscoveryObservationDTO,zeromodel.perception,Class,zeromodel.perception.transition_discovery,true
zeromodel-perception,zeromodel.perception,TransitionDiscoveryPolicyDTO,zeromodel.perception,Class,zeromodel.perception.transition_discovery,true
zeromodel-perception,zeromodel.perception,TransitionDiscoveryReportDTO,zeromodel.perception,Class,zeromodel.perception.transition_discovery,true
zeromodel-perception,zeromodel.perception,TransitionEvidenceVPMDTO,zeromodel.perception,Class,zeromodel.perception.transition_evidence,true
zeromodel-perception,zeromodel.perception,TransitionExpectationDTO,zeromodel.perception,Class,zeromodel.perception.transition_conformance,true
zeromodel-perception,zeromodel.perception,TransitionFieldEvidenceDTO,zeromodel.perception,Class,zeromodel.perception.transition_evidence,true
zeromodel-perception,zeromodel.perception,TranslatorCalibrationDTO,zeromodel.perception,Class,zeromodel.perception.translator_evaluation,true
zeromodel-perception,zeromodel.perception,TranslatorConfigDTO,zeromodel.perception,Class,zeromodel.perception.translator,true
zeromodel-perception,zeromodel.perception,TranslatorEvaluationReportDTO,zeromodel.perception,Class,zeromodel.perception.translator_evaluation,true
zeromodel-perception,zeromodel.perception,TranslatorExampleEvaluationDTO,zeromodel.perception,Class,zeromodel.perception.translator_evaluation,true
zeromodel-perception,zeromodel.perception,UNEXPLAINED_EVIDENCE_VERSION,zeromodel.perception,Constant,zeromodel.perception,false
zeromodel-perception,zeromodel.perception,UNEXPLAINED_FIELD_OCCURRENCE_VERSION,zeromodel.perception,Constant,zeromodel.perception,false
zeromodel-perception,zeromodel.perception,UNEXPLAINED_REGISTRATION_SEMANTICS,zeromodel.perception,Constant,zeromodel.perception,false
zeromodel-perception,zeromodel.perception,UNEXPLAINED_SURFACE_SEMANTICS,zeromodel.perception,Constant,zeromodel.perception,false
zeromodel-perception,zeromodel.perception,UnexplainedEvidenceDTO,zeromodel.perception,Class,zeromodel.perception.discovery,true
zeromodel-perception,zeromodel.perception,UnexplainedFieldOccurrenceDTO,zeromodel.perception,Class,zeromodel.perception.transition_discovery,true
zeromodel-perception,zeromodel.perception,VPMFieldAddressDTO,zeromodel.perception,Class,zeromodel.perception.fields,true
zeromodel-perception,zeromodel.perception,VPMFieldSchemaDTO,zeromodel.perception,Class,zeromodel.perception.fields,true
zeromodel-perception,zeromodel.perception,WEIGHTED_DISTANCE_SEMANTICS,zeromodel.perception,Constant,zeromodel.perception,false
zeromodel-perception,zeromodel.perception,WEIGHTED_MODEL_VERSION,zeromodel.perception,Constant,zeromodel.perception,false
zeromodel-perception,zeromodel.perception,WEIGHTED_PREDICTION_VERSION,zeromodel.perception,Constant,zeromodel.perception,false
zeromodel-perception,zeromodel.perception,activate_promoted_model,zeromodel.perception,Function,zeromodel.perception.lifecycle,true
zeromodel-perception,zeromodel.perception,audit_certification_integrity,zeromodel.perception,Function,zeromodel.perception.certification_audit,true
zeromodel-perception,zeromodel.perception,audit_governance_integrity,zeromodel.perception,Function,zeromodel.perception.governance_audit,true
zeromodel-perception,zeromodel.perception,audit_promotion_activation,zeromodel.perception,Function,zeromodel.perception.promotion_activation,true
zeromodel-perception,zeromodel.perception,audit_promotion_rollback,zeromodel.perception,Function,zeromodel.perception.promotion_activation,true
zeromodel-perception,zeromodel.perception,authorize_certification_execution,zeromodel.perception,Function,zeromodel.perception.certification_gate,true
zeromodel-perception,zeromodel.perception,authorize_governance_execution,zeromodel.perception,Function,zeromodel.perception.governance_gate,true
zeromodel-perception,zeromodel.perception,authorize_promotion_activation,zeromodel.perception,Function,zeromodel.perception.promotion_activation,true
zeromodel-perception,zeromodel.perception,authorize_promotion_rollback,zeromodel.perception,Function,zeromodel.perception.promotion_activation,true
zeromodel-perception,zeromodel.perception,bind_comparison_report_to_partition,zeromodel.perception,Function,zeromodel.perception.partitioned_governance,true
zeromodel-perception,zeromodel.perception,build_dataset_manifest,zeromodel.perception,Function,zeromodel.perception.dataset,true
zeromodel-perception,zeromodel.perception,build_dataset_partition,zeromodel.perception,Function,zeromodel.perception.partitions,true
zeromodel-perception,zeromodel.perception,build_governance_execution_certification,zeromodel.perception,Function,zeromodel.perception.sql_certification,true
zeromodel-perception,zeromodel.perception,build_governed_execution_attempt,zeromodel.perception,Function,zeromodel.perception.execution_journal,true
zeromodel-perception,zeromodel.perception,build_grid_field_schema,zeromodel.perception,Function,zeromodel.perception.fields,true
zeromodel-perception,zeromodel.perception,build_model_lifecycle_snapshot,zeromodel.perception,Function,zeromodel.perception.lifecycle,true
zeromodel-perception,zeromodel.perception,build_operational_reference_profile,zeromodel.perception,Function,zeromodel.perception.health,true
zeromodel-perception,zeromodel.perception,build_production_metrics_report,zeromodel.perception,Function,zeromodel.perception.production,true
zeromodel-perception,zeromodel.perception,build_promotion_activation_bundle,zeromodel.perception,Function,zeromodel.perception.promotion_activation,true
zeromodel-perception,zeromodel.perception,build_temporal_source_vpms,zeromodel.perception,Function,zeromodel.perception.temporal,true
zeromodel-perception,zeromodel.perception,build_transition_evidence_vpm,zeromodel.perception,Function,zeromodel.perception.transition_evidence,true
zeromodel-perception,zeromodel.perception,calibrate_comparison_candidates,zeromodel.perception,Function,zeromodel.perception.promotion,true
zeromodel-perception,zeromodel.perception,calibrate_partition_owned_candidates,zeromodel.perception,Function,zeromodel.perception.partitioned_governance,true
zeromodel-perception,zeromodel.perception,calibrate_translator_rejection,zeromodel.perception,Function,zeromodel.perception.translator_evaluation,true
zeromodel-perception,zeromodel.perception,candidate_promotion,zeromodel.perception,Constant,zeromodel.perception,false
zeromodel-perception,zeromodel.perception,candidate_validation,zeromodel.perception,Constant,zeromodel.perception,false
zeromodel-perception,zeromodel.perception,certification_audit,zeromodel.perception,Constant,zeromodel.perception,false
zeromodel-perception,zeromodel.perception,certification_gate,zeromodel.perception,Constant,zeromodel.perception,false
zeromodel-perception,zeromodel.perception,compare_single_and_temporal_inference,zeromodel.perception,Function,zeromodel.perception.temporal_inference,true
zeromodel-perception,zeromodel.perception,compatibility,zeromodel.perception,Constant,zeromodel.perception,false
zeromodel-perception,zeromodel.perception,dataset,zeromodel.perception,Constant,zeromodel.perception,false
zeromodel-perception,zeromodel.perception,deactivate_active_model,zeromodel.perception,Function,zeromodel.perception.lifecycle,true
zeromodel-perception,zeromodel.perception,decode_discrete_action,zeromodel.perception,Function,zeromodel.perception.representation,true
zeromodel-perception,zeromodel.perception,diagnose_operational_health,zeromodel.perception,Function,zeromodel.perception.gated_health,true
zeromodel-perception,zeromodel.perception,diagnose_temporal_state_completeness,zeromodel.perception,Function,zeromodel.perception.temporal,true
zeromodel-perception,zeromodel.perception,discover_recurrent_unexplained_transitions,zeromodel.perception,Function,zeromodel.perception.transition_discovery,true
zeromodel-perception,zeromodel.perception,discover_unexpected_evidence,zeromodel.perception,Function,zeromodel.perception.discovery,true
zeromodel-perception,zeromodel.perception,discovery,zeromodel.perception,Constant,zeromodel.perception,false
zeromodel-perception,zeromodel.perception,disposition,zeromodel.perception,Constant,zeromodel.perception,false
zeromodel-perception,zeromodel.perception,disposition_operational_recommendation,zeromodel.perception,Function,zeromodel.perception.disposition,true
zeromodel-perception,zeromodel.perception,encode_discrete_action,zeromodel.perception,Function,zeromodel.perception.representation,true
zeromodel-perception,zeromodel.perception,encode_source_array,zeromodel.perception,Function,zeromodel.perception.representation,true
zeromodel-perception,zeromodel.perception,encode_source_image_bytes,zeromodel.perception,Function,zeromodel.perception.representation,true
zeromodel-perception,zeromodel.perception,estimate_field_relevance,zeromodel.perception,Function,zeromodel.perception.evidence,true
zeromodel-perception,zeromodel.perception,evaluate_evidence_conformance,zeromodel.perception,Function,zeromodel.perception.expectations,true
zeromodel-perception,zeromodel.perception,evaluate_evidence_interventions,zeromodel.perception,Function,zeromodel.perception.weighted,true
zeromodel-perception,zeromodel.perception,evaluate_partition_owned_model_on_test,zeromodel.perception,Function,zeromodel.perception.partitioned_governance,true
zeromodel-perception,zeromodel.perception,evaluate_promoted_model_on_test,zeromodel.perception,Function,zeromodel.perception.promoted_inference,true
zeromodel-perception,zeromodel.perception,evaluate_source_target_translator,zeromodel.perception,Function,zeromodel.perception.translator_evaluation,true
zeromodel-perception,zeromodel.perception,evaluate_transition_conformance,zeromodel.perception,Function,zeromodel.perception.transition_conformance,true
zeromodel-perception,zeromodel.perception,evidence,zeromodel.perception,Constant,zeromodel.perception,false
zeromodel-perception,zeromodel.perception,execute_and_certify_audit_gated_rollback,zeromodel.perception,Function,zeromodel.perception.sql_certification,true
zeromodel-perception,zeromodel.perception,execute_and_persist_certification_admission,zeromodel.perception,Function,zeromodel.perception.sql_admission,true
zeromodel-perception,zeromodel.perception,execute_approved_rollback,zeromodel.perception,Function,zeromodel.perception.disposition,true
zeromodel-perception,zeromodel.perception,execute_audit_gated_approved_rollback,zeromodel.perception,Function,zeromodel.perception.governance_gate,true
zeromodel-perception,zeromodel.perception,execute_certification_gated_approved_rollback,zeromodel.perception,Function,zeromodel.perception.certification_gate,true
zeromodel-perception,zeromodel.perception,execute_journaled_approved_rollback,zeromodel.perception,Function,zeromodel.perception.execution_journal,true
zeromodel-perception,zeromodel.perception,execute_or_reconcile_approved_rollback,zeromodel.perception,Function,zeromodel.perception.governed_execution,true
zeromodel-perception,zeromodel.perception,execute_promotion_activation,zeromodel.perception,Function,zeromodel.perception.promotion_activation,true
zeromodel-perception,zeromodel.perception,execute_promotion_rollback,zeromodel.perception,Function,zeromodel.perception.promotion_activation,true
zeromodel-perception,zeromodel.perception,execution_journal,zeromodel.perception,Constant,zeromodel.perception,false
zeromodel-perception,zeromodel.perception,expectations,zeromodel.perception,Constant,zeromodel.perception,false
zeromodel-perception,zeromodel.perception,extract_source_fields,zeromodel.perception,Function,zeromodel.perception.fields,true
zeromodel-perception,zeromodel.perception,fields,zeromodel.perception,Constant,zeromodel.perception,false
zeromodel-perception,zeromodel.perception,fit_baseline_nearest_neighbor,zeromodel.perception,Function,zeromodel.perception.inference,true
zeromodel-perception,zeromodel.perception,fit_evidence_weighted_nearest_neighbor,zeromodel.perception,Function,zeromodel.perception.weighted,true
zeromodel-perception,zeromodel.perception,fit_source_target_translator,zeromodel.perception,Function,zeromodel.perception.translator,true
zeromodel-perception,zeromodel.perception,fit_temporal_translator,zeromodel.perception,Function,zeromodel.perception.temporal_inference,true
zeromodel-perception,zeromodel.perception,gated_health,zeromodel.perception,Constant,zeromodel.perception,false
zeromodel-perception,zeromodel.perception,governance_audit,zeromodel.perception,Constant,zeromodel.perception,false
zeromodel-perception,zeromodel.perception,governance_gate,zeromodel.perception,Constant,zeromodel.perception,false
zeromodel-perception,zeromodel.perception,governed_execution,zeromodel.perception,Constant,zeromodel.perception,false
zeromodel-perception,zeromodel.perception,health,zeromodel.perception,Constant,zeromodel.perception,false
zeromodel-perception,zeromodel.perception,inference,zeromodel.perception,Constant,zeromodel.perception,false
zeromodel-perception,zeromodel.perception,lifecycle,zeromodel.perception,Constant,zeromodel.perception,false
zeromodel-perception,zeromodel.perception,mask_source_fields,zeromodel.perception,Function,zeromodel.perception.fields,true
zeromodel-perception,zeromodel.perception,materialize_approved_candidate_promotions,zeromodel.perception,Function,zeromodel.perception.promotion_materialization,true
zeromodel-perception,zeromodel.perception,partitioned_governance,zeromodel.perception,Constant,zeromodel.perception,false
zeromodel-perception,zeromodel.perception,partitions,zeromodel.perception,Constant,zeromodel.perception,false
zeromodel-perception,zeromodel.perception,predict_baseline_action,zeromodel.perception,Function,zeromodel.perception.inference,true
zeromodel-perception,zeromodel.perception,predict_calibrated_target_vpm,zeromodel.perception,Function,zeromodel.perception.translator_evaluation,true
zeromodel-perception,zeromodel.perception,predict_evidence_weighted_action,zeromodel.perception,Function,zeromodel.perception.weighted,true
zeromodel-perception,zeromodel.perception,predict_target_vpm,zeromodel.perception,Function,zeromodel.perception.translator,true
zeromodel-perception,zeromodel.perception,predict_temporal_action,zeromodel.perception,Function,zeromodel.perception.temporal_inference,true
zeromodel-perception,zeromodel.perception,production,zeromodel.perception,Constant,zeromodel.perception,false
zeromodel-perception,zeromodel.perception,promote_partition_owned_model,zeromodel.perception,Function,zeromodel.perception.partitioned_governance,true
zeromodel-perception,zeromodel.perception,promote_perception_model,zeromodel.perception,Function,zeromodel.perception.promotion,true
zeromodel-perception,zeromodel.perception,promoted_inference,zeromodel.perception,Constant,zeromodel.perception,false
zeromodel-perception,zeromodel.perception,promotion,zeromodel.perception,Constant,zeromodel.perception,false
zeromodel-perception,zeromodel.perception,promotion_activation,zeromodel.perception,Constant,zeromodel.perception,false
zeromodel-perception,zeromodel.perception,promotion_materialization,zeromodel.perception,Constant,zeromodel.perception,false
zeromodel-perception,zeromodel.perception,propose_validated_candidate_promotions,zeromodel.perception,Function,zeromodel.perception.candidate_promotion,true
zeromodel-perception,zeromodel.perception,recommend_operational_response,zeromodel.perception,Function,zeromodel.perception.recommendation,true
zeromodel-perception,zeromodel.perception,recommendation,zeromodel.perception,Constant,zeromodel.perception,false
zeromodel-perception,zeromodel.perception,reconstruct_source_array,zeromodel.perception,Function,zeromodel.perception.fields,true
zeromodel-perception,zeromodel.perception,record_production_inference,zeromodel.perception,Function,zeromodel.perception.production,true
zeromodel-perception,zeromodel.perception,record_production_outcome,zeromodel.perception,Function,zeromodel.perception.production,true
zeromodel-perception,zeromodel.perception,register_promoted_model,zeromodel.perception,Function,zeromodel.perception.lifecycle,true
zeromodel-perception,zeromodel.perception,representation,zeromodel.perception,Constant,zeromodel.perception,false
zeromodel-perception,zeromodel.perception,resolve_active_promoted_model,zeromodel.perception,Function,zeromodel.perception.lifecycle,true
zeromodel-perception,zeromodel.perception,review_candidate_promotion_proposals,zeromodel.perception,Function,zeromodel.perception.candidate_promotion,true
zeromodel-perception,zeromodel.perception,rollback_active_model,zeromodel.perception,Function,zeromodel.perception.lifecycle,true
zeromodel-perception,zeromodel.perception,run_promoted_inference,zeromodel.perception,Function,zeromodel.perception.promoted_inference,true
zeromodel-perception,zeromodel.perception,sql_admission,zeromodel.perception,Constant,zeromodel.perception,false
zeromodel-perception,zeromodel.perception,sql_certification,zeromodel.perception,Constant,zeromodel.perception,false
zeromodel-perception,zeromodel.perception,sql_governance,zeromodel.perception,Constant,zeromodel.perception,false
zeromodel-perception,zeromodel.perception,sql_lifecycle,zeromodel.perception,Constant,zeromodel.perception,false
zeromodel-perception,zeromodel.perception,sql_production,zeromodel.perception,Constant,zeromodel.perception,false
zeromodel-perception,zeromodel.perception,supersede_active_model,zeromodel.perception,Function,zeromodel.perception.lifecycle,true
zeromodel-perception,zeromodel.perception,temporal,zeromodel.perception,Constant,zeromodel.perception,false
zeromodel-perception,zeromodel.perception,temporal_inference,zeromodel.perception,Constant,zeromodel.perception,false
zeromodel-perception,zeromodel.perception,transition_conformance,zeromodel.perception,Constant,zeromodel.perception,false
zeromodel-perception,zeromodel.perception,transition_discovery,zeromodel.perception,Constant,zeromodel.perception,false
zeromodel-perception,zeromodel.perception,transition_evidence,zeromodel.perception,Constant,zeromodel.perception,false
zeromodel-perception,zeromodel.perception,translator,zeromodel.perception,Constant,zeromodel.perception,false
zeromodel-perception,zeromodel.perception,translator_evaluation,zeromodel.perception,Constant,zeromodel.perception,false
zeromodel-perception,zeromodel.perception,validate_discovered_transition_candidates,zeromodel.perception,Function,zeromodel.perception.candidate_validation,true
zeromodel-perception,zeromodel.perception,validate_source_for_schema,zeromodel.perception,Function,zeromodel.perception.fields,true
zeromodel-perception,zeromodel.perception,weighted,zeromodel.perception,Constant,zeromodel.perception,false
zeromodel-sqlalchemy,zeromodel.persistence.sqlalchemy,FINALIZATION_SCHEMA_VERSION,zeromodel.persistence.sqlalchemy,Constant,zeromodel.persistence.sqlalchemy,false
zeromodel-sqlalchemy,zeromodel.persistence.sqlalchemy,SqlAlchemyVideoActionSetStore,zeromodel.persistence.sqlalchemy,Class,zeromodel.persistence.sqlalchemy.db.stores.video_action_set,true
zeromodel-sqlalchemy,zeromodel.persistence.sqlalchemy,build_finalization_sqlite_runtime,zeromodel.persistence.sqlalchemy,Function,zeromodel.persistence.sqlalchemy.db.runtime,true
zeromodel-sqlalchemy,zeromodel.persistence.sqlalchemy,build_sqlite_runtime,zeromodel.persistence.sqlalchemy,Function,zeromodel.persistence.sqlalchemy.db.runtime,true
zeromodel-sqlalchemy,zeromodel.persistence.sqlalchemy,create_database_engine,zeromodel.persistence.sqlalchemy,Function,zeromodel.persistence.sqlalchemy.db.session,true
zeromodel-sqlalchemy,zeromodel.persistence.sqlalchemy,create_schema,zeromodel.persistence.sqlalchemy,Function,zeromodel.persistence.sqlalchemy.db.session,true
zeromodel-sqlalchemy,zeromodel.persistence.sqlalchemy,create_session_factory,zeromodel.persistence.sqlalchemy,Function,zeromodel.persistence.sqlalchemy.db.session,true
zeromodel-sqlalchemy,zeromodel.persistence.sqlalchemy,initialize_finalization_authority,zeromodel.persistence.sqlalchemy,Function,zeromodel.persistence.sqlalchemy.db.session,true
zeromodel-sqlalchemy,zeromodel.persistence.sqlalchemy,sqlite_database_url,zeromodel.persistence.sqlalchemy,Function,zeromodel.persistence.sqlalchemy.db.session,true
zeromodel-sqlalchemy,zeromodel.persistence.sqlalchemy,verify_finalization_authority,zeromodel.persistence.sqlalchemy,Function,zeromodel.persistence.sqlalchemy.db.session,true
zeromodel-trust,zeromodel.trust,ArtifactAuthorizationDTO,zeromodel.trust,Class,zeromodel.trust.dto,true
zeromodel-trust,zeromodel.trust,ArtifactNotAuthorized,zeromodel.trust,Class,zeromodel.trust.loading,true
zeromodel-trust,zeromodel.trust,DeploymentScopeDTO,zeromodel.trust,Class,zeromodel.trust.dto,true
zeromodel-trust,zeromodel.trust,GeneratedSigningKey,zeromodel.trust,Class,zeromodel.trust.crypto,true
zeromodel-trust,zeromodel.trust,InMemoryRevocationResolver,zeromodel.trust,Class,zeromodel.trust.revocation,true
zeromodel-trust,zeromodel.trust,IndeterminateRevocationResolver,zeromodel.trust,Class,zeromodel.trust.revocation,true
zeromodel-trust,zeromodel.trust,RevocationRecordDTO,zeromodel.trust,Class,zeromodel.trust.dto,true
zeromodel-trust,zeromodel.trust,RevocationResolver,zeromodel.trust,Class,zeromodel.trust.revocation,true
zeromodel-trust,zeromodel.trust,RevocationStatus,zeromodel.trust,Class,zeromodel.trust.revocation,true
zeromodel-trust,zeromodel.trust,SPEC_VERSION,zeromodel.trust,Constant,zeromodel.trust,false
zeromodel-trust,zeromodel.trust,SignatureEnvelopeDTO,zeromodel.trust,Class,zeromodel.trust.dto,true
zeromodel-trust,zeromodel.trust,SignerIdentityDTO,zeromodel.trust,Class,zeromodel.trust.dto,true
zeromodel-trust,zeromodel.trust,TrustDecisionDTO,zeromodel.trust,Class,zeromodel.trust.dto,true
zeromodel-trust,zeromodel.trust,TrustFailureCode,zeromodel.trust,Class,zeromodel.trust.dto,true
zeromodel-trust,zeromodel.trust,TrustPolicyDTO,zeromodel.trust,Class,zeromodel.trust.dto,true
zeromodel-trust,zeromodel.trust,TrustPolicyRuleDTO,zeromodel.trust,Class,zeromodel.trust.dto,true
zeromodel-trust,zeromodel.trust,TrustVerificationRequestDTO,zeromodel.trust,Class,zeromodel.trust.dto,true
zeromodel-trust,zeromodel.trust,TrustedSignerDTO,zeromodel.trust,Class,zeromodel.trust.dto,true
zeromodel-trust,zeromodel.trust,authorization_signing_payload,zeromodel.trust,Function,zeromodel.trust.dto,true
zeromodel-trust,zeromodel.trust,compute_authorization_id,zeromodel.trust,Function,zeromodel.trust.dto,true
zeromodel-trust,zeromodel.trust,compute_deployment_scope_id,zeromodel.trust,Function,zeromodel.trust.dto,true
zeromodel-trust,zeromodel.trust,compute_signature_envelope_id,zeromodel.trust,Function,zeromodel.trust.dto,true
zeromodel-trust,zeromodel.trust,compute_trust_policy_id,zeromodel.trust,Function,zeromodel.trust.dto,true
zeromodel-trust,zeromodel.trust,generate_signing_key,zeromodel.trust,Function,zeromodel.trust.crypto,true
zeromodel-trust,zeromodel.trust,require_authorized,zeromodel.trust,Function,zeromodel.trust.loading,true
zeromodel-trust,zeromodel.trust,sign_digest,zeromodel.trust,Function,zeromodel.trust.crypto,true
zeromodel-trust,zeromodel.trust,signature_envelope_identity_payload,zeromodel.trust,Function,zeromodel.trust.dto,true
zeromodel-trust,zeromodel.trust,trust_policy_identity_payload,zeromodel.trust,Function,zeromodel.trust.dto,true
zeromodel-trust,zeromodel.trust,verify_artifact_for_scope,zeromodel.trust,Function,zeromodel.trust.verify,true
zeromodel-trust,zeromodel.trust,verify_signature,zeromodel.trust,Function,zeromodel.trust.crypto,true
zeromodel-video,zeromodel.video,BenchmarkIdentityDTO,zeromodel.video,Class,zeromodel.video.domains.video_action_set.dto,true
zeromodel-video,zeromodel.video,CanonicalJsonDTO,zeromodel.video,Class,zeromodel.video.domains.video_action_set.dto,true
zeromodel-video,zeromodel.video,EpisodeCountsDTO,zeromodel.video,Class,zeromodel.video.domains.video_action_set.dto,true
zeromodel-video,zeromodel.video,EpisodeIdsByFamilyDTO,zeromodel.video,Class,zeromodel.video.domains.video_action_set.dto,true
zeromodel-video,zeromodel.video,EpisodePlanDTO,zeromodel.video,Class,zeromodel.video.domains.video_action_set.dto,true
zeromodel-video,zeromodel.video,EpisodePlanService,zeromodel.video,Class,zeromodel.video.domains.video_action_set.episode_plan_service,true
zeromodel-video,zeromodel.video,InMemoryVideoActionSetStore,zeromodel.video,Class,zeromodel.video.stores.video_action_set_memory,true
zeromodel-video,zeromodel.video,InMemoryVideoFrameSource,zeromodel.video,Class,zeromodel.video.video,true
zeromodel-video,zeromodel.video,MaterializedObservationDTO,zeromodel.video,Class,zeromodel.video.domains.video_action_set.observation_materialization,true
zeromodel-video,zeromodel.video,ObservationDTO,zeromodel.video,Class,zeromodel.video.domains.video_action_set.observation_dto,true
zeromodel-video,zeromodel.video,ObservationOperationChainDTO,zeromodel.video,Class,zeromodel.video.domains.video_action_set.observation_provenance_dto,true
zeromodel-video,zeromodel.video,ObservationOperationDTO,zeromodel.video,Class,zeromodel.video.domains.video_action_set.observation_provenance_dto,true
zeromodel-video,zeromodel.video,ObservationService,zeromodel.video,Class,zeromodel.video.domains.video_action_set.observation_service,true
zeromodel-video,zeromodel.video,ProviderObservationDescriptorDTO,zeromodel.video,Class,zeromodel.video.domains.video_action_set.provider_observation_dto,true
zeromodel-video,zeromodel.video,SealedSplitPlanDTO,zeromodel.video,Class,zeromodel.video.domains.video_action_set.dto,true
zeromodel-video,zeromodel.video,TemporalEvidence,zeromodel.video,Class,zeromodel.video.video_policy,true
zeromodel-video,zeromodel.video,VIDEO_CLIP_MANIFEST_VERSION,zeromodel.video,Constant,zeromodel.video,false
zeromodel-video,zeromodel.video,VIDEO_FRAME_SOURCE_VERSION,zeromodel.video,Constant,zeromodel.video,false
zeromodel-video,zeromodel.video,VIDEO_FRAME_VERSION,zeromodel.video,Constant,zeromodel.video,false
zeromodel-video,zeromodel.video,VIDEO_POLICY_DECISION_VERSION,zeromodel.video,Constant,zeromodel.video,false
zeromodel-video,zeromodel.video,VIDEO_POLICY_TRACE_VERSION,zeromodel.video,Constant,zeromodel.video,false
zeromodel-video,zeromodel.video,VIDEO_TEMPORAL_EVIDENCE_VERSION,zeromodel.video,Constant,zeromodel.video,false
zeromodel-video,zeromodel.video,VideoActionSetFacade,zeromodel.video,Class,zeromodel.video.domains.video_action_set.facade,true
zeromodel-video,zeromodel.video,VideoActionSetStore,zeromodel.video,Class,zeromodel.video.domains.video_action_set.store,true
zeromodel-video,zeromodel.video,VideoClipManifest,zeromodel.video,Class,zeromodel.video.video,true
zeromodel-video,zeromodel.video,VideoFrame,zeromodel.video,Class,zeromodel.video.video,true
zeromodel-video,zeromodel.video,VideoFrameSource,zeromodel.video,Class,zeromodel.video.video,true
zeromodel-video,zeromodel.video,VideoPolicyDecision,zeromodel.video,Class,zeromodel.video.video_policy,true
zeromodel-video,zeromodel.video,VideoPolicyReader,zeromodel.video,Class,zeromodel.video.video_policy,true
zeromodel-video,zeromodel.video,VideoPolicyTrace,zeromodel.video,Class,zeromodel.video.video_policy,true
zeromodel-video,zeromodel.video,ZeroModelRuntime,zeromodel.video,Class,zeromodel.video.runtime,true
zeromodel-video,zeromodel.video,build_runtime,zeromodel.video,Function,zeromodel.video.runtime,true
zeromodel-vision,zeromodel.vision,DISTANCE_METRIC,zeromodel.vision,Constant,zeromodel.vision,false
zeromodel-vision,zeromodel.vision,DeterministicVisualAddressProvider,zeromodel.vision,Class,zeromodel.vision.visual_policy,true
zeromodel-vision,zeromodel.vision,MARGIN_RULE,zeromodel.vision,Constant,zeromodel.vision,false
zeromodel-vision,zeromodel.vision,VISUAL_FEATURE_VERSION,zeromodel.vision,Constant,zeromodel.vision,false
zeromodel-vision,zeromodel.vision,VISUAL_INDEX_VERSION,zeromodel.vision,Constant,zeromodel.vision,false
zeromodel-vision,zeromodel.vision,VISUAL_POLICY_DECISION_VERSION,zeromodel.vision,Constant,zeromodel.vision,false
zeromodel-vision,zeromodel.vision,VISUAL_READER_VERSION,zeromodel.vision,Constant,zeromodel.vision,false
zeromodel-vision,zeromodel.vision,VisualDecision,zeromodel.vision,Class,zeromodel.vision.visual,true
zeromodel-vision,zeromodel.vision,VisualFeatureSpec,zeromodel.vision,Class,zeromodel.vision.visual,true
zeromodel-vision,zeromodel.vision,VisualIndexBuild,zeromodel.vision,Class,zeromodel.vision.visual,true
zeromodel-vision,zeromodel.vision,VisualIndexCalibration,zeromodel.vision,Class,zeromodel.vision.visual,true
zeromodel-vision,zeromodel.vision,VisualPolicyDecision,zeromodel.vision,Class,zeromodel.vision.visual_policy,true
zeromodel-vision,zeromodel.vision,VisualPolicyReader,zeromodel.vision,Class,zeromodel.vision.visual_policy,true
zeromodel-vision,zeromodel.vision,VisualSignReader,zeromodel.vision,Class,zeromodel.vision.visual,true
zeromodel-vision,zeromodel.vision,build_visual_index,zeromodel.vision,Function,zeromodel.vision.visual,true
zeromodel-vision,zeromodel.vision,extract_visual_features,zeromodel.vision,Function,zeromodel.vision.visual,true
zeromodel-vision,zeromodel.vision,visual_feature_digest,zeromodel.vision,Function,zeromodel.vision.visual,true
zeromodel-vision,zeromodel.vision,visual_input_digest,zeromodel.vision,Function,zeromodel.vision.visual,true
